filename, Jake-Big-Face, Jake-Small-Face, Jimmy-Big-Face, Jimmy-Small-Face, Other
Training_Video_Jimmy-Kimmel-Jake-Johnson_mp4-0184_jpg.rf.5e7f0219aa68057d72eba54d5a5f2d1c.jpg, 0, 1, 0, 1, 0
Training_Video_Jimmy-Kimmel-Jake-Johnson_mp4-0261_jpg.rf.613bfdaf9c4936435280a9d35e2e194b.jpg, 0, 1, 0, 1, 0
Training_Video_Jimmy-Kimmel-Jake-Johnson_mp4-0151_jpg.rf.5aac920a5554c9474018b92cf3da1552.jpg, 0, 1, 0, 0, 0
Training_Video_Jimmy-Kimmel-Jake-Johnson_mp4-0139_jpg.rf.5e534eeb0ec5ee18784db9bf7f92ffba.jpg, 0, 1, 0, 0, 0
Training_Video_Jimmy-Kimmel-Jake-Johnson_mp4-0309_jpg.rf.5b47cb5405dec5dd6f1de9fae551c5c4.jpg, 1, 0, 0, 0, 0
Training_Video_Jimmy-Kimmel-Jake-Johnson_mp4-0159_jpg.rf.5ce0a7a1225c7022c5b24329aa972b3e.jpg, 0, 1, 0, 0, 0
Training_Video_Jimmy-Kimmel-Jake-Johnson_mp4-0109_jpg.rf.5d5888377366700b6b122df2fe7cb565.jpg, 0, 0, 1, 0, 0
Training_Video_Jimmy-Kimmel-Jake-Johnson_mp4-0467_jpg.rf.6090113a24ab448267b31fd5147be5dd.jpg, 1, 0, 0, 0, 0
Training_Video_Jimmy-Kimmel-Jake-Johnson_mp4-0273_jpg.rf.5fd4a53cebaa2953ac0ed63003e8a811.jpg, 0, 1, 0, 1, 0
Training_Video_Jimmy-Kimmel-Jake-Johnson_mp4-0279_jpg.rf.61fc95bdc8a5e5e991da39d34f69ca71.jpg, 1, 0, 0, 0, 0
Training_Video_Jimmy-Kimmel-Jake-Johnson_mp4-0078_jpg.rf.5b310501357b710da80a4af9e057b52a.jpg, 0, 0, 1, 0, 0
Training_Video_Jimmy-Kimmel-Jake-Johnson_mp4-0036_jpg.rf.5eb6c67d381ad51f1431f58dd4f55b44.jpg, 0, 0, 1, 0, 0
Training_Video_Jimmy-Kimmel-Jake-Johnson_mp4-0098_jpg.rf.613be1e4c396bf7f6016cd9695124565.jpg, 0, 0, 1, 0, 0
Training_Video_Jimmy-Kimmel-Jake-Johnson_mp4-0649_jpg.rf.60d7da99f6f07c70cbcd3d624ce73c8e.jpg, 0, 1, 0, 1, 0
Training_Video_Jimmy-Kimmel-Jake-Johnson_mp4-0651_jpg.rf.615fe084dccc07a42cd67ec1ad3a8ef1.jpg, 0, 1, 0, 1, 0
Training_Video_Jimmy-Kimmel-Jake-Johnson_mp4-0048_jpg.rf.5cdc710abc43d1f75bb8f361680bbb01.jpg, 0, 0, 1, 0, 0
Training_Video_Jimmy-Kimmel-Jake-Johnson_mp4-0489_jpg.rf.5b51d446ffa2b91273a4cf99d968af41.jpg, 1, 0, 0, 0, 0
Training_Video_Jimmy-Kimmel-Jake-Johnson_mp4-0143_jpg.rf.6068d09d5610a1a6a9c9cb4645ed9a18.jpg, 0, 1, 0, 0, 0
Training_Video_Jimmy-Kimmel-Jake-Johnson_mp4-0059_jpg.rf.5de1d575ae50b3b34c5a4f3331513f50.jpg, 0, 0, 1, 0, 0
Training_Video_Jimmy-Kimmel-Jake-Johnson_mp4-0019_jpg.rf.5b669f2e839608bca1a60c313bff8c27.jpg, 0, 0, 0, 0, 0
Training_Video_Jimmy-Kimmel-Jake-Johnson_mp4-0171_jpg.rf.628c2983a2900244d03075de45b3b786.jpg, 0, 1, 0, 0, 0
Training_Video_Jimmy-Kimmel-Jake-Johnson_mp4-0161_jpg.rf.622399898c4334b21fbe650a79024d09.jpg, 0, 1, 0, 0, 0
Training_Video_Jimmy-Kimmel-Jake-Johnson_mp4-0133_jpg.rf.6054aa36968ffcf35caa81a8b4d5533e.jpg, 0, 1, 0, 0, 0
Training_Video_Jimmy-Kimmel-Jake-Johnson_mp4-0099_jpg.rf.60adce458c9acf8354f29af4d28c0b99.jpg, 0, 1, 0, 0, 0
Training_Video_Jimmy-Kimmel-Jake-Johnson_mp4-0063_jpg.rf.5ae8053268da31eff4a6412aec7fd3d6.jpg, 0, 0, 1, 0, 0
Training_Video_Jimmy-Kimmel-Jake-Johnson_mp4-0099_jpg.rf.638ff36a8f27a3b8a324710e7c15440f.jpg, 0, 1, 0, 0, 0
Training_Video_Jimmy-Kimmel-Jake-Johnson_mp4-0501_jpg.rf.640ea2f76a74ddefd66869357a6cd900.jpg, 1, 0, 0, 0, 0
Training_Video_Jimmy-Kimmel-Jake-Johnson_mp4-0442_jpg.rf.63eaa333148f2b13b399eaec5b3df839.jpg, 0, 1, 0, 1, 0
Training_Video_Jimmy-Kimmel-Jake-Johnson_mp4-0090_jpg.rf.642cb97cb5f9aaba2da12cac7b7f82b3.jpg, 0, 1, 0, 0, 0
Training_Video_Jimmy-Kimmel-Jake-Johnson_mp4-0007_jpg.rf.642df209750ead5d6ba1832777556b32.jpg, 0, 0, 0, 0, 0
Training_Video_Jimmy-Kimmel-Jake-Johnson_mp4-0105_jpg.rf.676c0ca04721d9584f1fd17d03513b93.jpg, 0, 1, 0, 0, 0
Training_Video_Jimmy-Kimmel-Jake-Johnson_mp4-0497_jpg.rf.69c535ac061adfc9c3edbc1de9954ec6.jpg, 1, 0, 0, 0, 0
Training_Video_Jimmy-Kimmel-Jake-Johnson_mp4-0108_jpg.rf.6a1ebf5adcbfd501b909d528ce802c70.jpg, 0, 0, 1, 0, 0
Training_Video_Jimmy-Kimmel-Jake-Johnson_mp4-0087_jpg.rf.66f12b05d5904fb19ee4070f1f71ebd7.jpg, 0, 1, 0, 0, 0
Training_Video_Jimmy-Kimmel-Jake-Johnson_mp4-0134_jpg.rf.66a58c5dc75ae0bc509b385f8229bad2.jpg, 0, 1, 0, 0, 0
Training_Video_Jimmy-Kimmel-Jake-Johnson_mp4-0511_jpg.rf.659c68d7be1494ed325dccc9bb78057b.jpg, 1, 0, 0, 0, 0
Training_Video_Jimmy-Kimmel-Jake-Johnson_mp4-0091_jpg.rf.661d171e34e53f4489fef75103905e3a.jpg, 0, 0, 1, 0, 0
Training_Video_Jimmy-Kimmel-Jake-Johnson_mp4-0146_jpg.rf.6bd507a15aac0514263e34af2ee5e04c.jpg, 0, 1, 0, 0, 0
Training_Video_Jimmy-Kimmel-Jake-Johnson_mp4-0134_jpg.rf.662e87daeb78226cef661bedee8e4bf0.jpg, 0, 1, 0, 0, 0
Training_Video_Jimmy-Kimmel-Jake-Johnson_mp4-0148_jpg.rf.671bc3ee88d2d9fabdc8f436d2e57b6b.jpg, 0, 1, 0, 0, 0
Training_Video_Jimmy-Kimmel-Jake-Johnson_mp4-0021_jpg.rf.65c93b3c972245088f6bc68952430703.jpg, 0, 0, 1, 0, 0
Training_Video_Jimmy-Kimmel-Jake-Johnson_mp4-2884_jpg.rf.66888ad2ee969046bb55cc13cceff220.jpg, 0, 0, 0, 0, 1
Training_Video_Jimmy-Kimmel-Jake-Johnson_mp4-0306_jpg.rf.65e606ca975dce0ec3976c4542c99934.jpg, 1, 0, 0, 0, 0
Training_Video_Jimmy-Kimmel-Jake-Johnson_mp4-0061_jpg.rf.6acd610a8bc13e4f639f925791fa77e4.jpg, 0, 0, 1, 0, 0
Training_Video_Jimmy-Kimmel-Jake-Johnson_mp4-0088_jpg.rf.6616827e1720846dd1cb17453e40e703.jpg, 0, 0, 1, 0, 0
Training_Video_Jimmy-Kimmel-Jake-Johnson_mp4-0084_jpg.rf.69d58a23847360b4f55bc237b98fcf87.jpg, 0, 1, 0, 0, 0
Training_Video_Jimmy-Kimmel-Jake-Johnson_mp4-0434_jpg.rf.689dc6913c10c4b20d4181fab514c239.jpg, 0, 1, 0, 1, 0
Training_Video_Jimmy-Kimmel-Jake-Johnson_mp4-0303_jpg.rf.6aa00277158009b5a415c762164d6e17.jpg, 1, 0, 0, 0, 0
Training_Video_Jimmy-Kimmel-Jake-Johnson_mp4-0093_jpg.rf.6a9786a38afd90d1234b3ce32aa7ff6f.jpg, 0, 1, 0, 0, 0
Training_Video_Jimmy-Kimmel-Jake-Johnson_mp4-0487_jpg.rf.6c4cd73ddfefe5cf8d339eeda1d366d5.jpg, 1, 0, 0, 0, 0
Training_Video_Jimmy-Kimmel-Jake-Johnson_mp4-0039_jpg.rf.69d22d6ab2b4b600934b907e4075fdf9.jpg, 0, 0, 1, 0, 0
Training_Video_Jimmy-Kimmel-Jake-Johnson_mp4-0492_jpg.rf.6724b728abaf404cf41607b83fd7ff6b.jpg, 1, 0, 0, 0, 0
Training_Video_Jimmy-Kimmel-Jake-Johnson_mp4-0098_jpg.rf.6bfa230af949be0c738c12948f155cda.jpg, 0, 0, 1, 0, 0
Training_Video_Jimmy-Kimmel-Jake-Johnson_mp4-0096_jpg.rf.6c1a8bc729a0eec22ed91e5982a76983.jpg, 0, 1, 0, 0, 0
Training_Video_Jimmy-Kimmel-Jake-Johnson_mp4-0514_jpg.rf.6d88f271d184485eb91ae907a8985d7c.jpg, 1, 0, 0, 0, 0
Training_Video_Jimmy-Kimmel-Jake-Johnson_mp4-0162_jpg.rf.6cb6444008d011ed7cdbffae0aa92a9b.jpg, 0, 1, 0, 0, 0
Training_Video_Jimmy-Kimmel-Jake-Johnson_mp4-0181_jpg.rf.6cb6747085d7cd979de89f0420137079.jpg, 0, 1, 0, 1, 0
Training_Video_Jimmy-Kimmel-Jake-Johnson_mp4-0084_jpg.rf.6d1019b07e53cfc44ecc885b830d839e.jpg, 0, 1, 0, 0, 0
Training_Video_Jimmy-Kimmel-Jake-Johnson_mp4-0163_jpg.rf.6efae50ad319ecce22ef27469fad17f0.jpg, 0, 1, 0, 0, 0
Training_Video_Jimmy-Kimmel-Jake-Johnson_mp4-0026_jpg.rf.6d52ace5f97d69582146071606967fad.jpg, 0, 0, 1, 0, 0
Training_Video_Jimmy-Kimmel-Jake-Johnson_mp4-0491_jpg.rf.6f087eaf14456db0d7e19fdad62ba760.jpg, 1, 0, 0, 0, 0
Training_Video_Jimmy-Kimmel-Jake-Johnson_mp4-0106_jpg.rf.71e48fc9b8851628bb8a5339c7357867.jpg, 0, 0, 1, 0, 0
Training_Video_Jimmy-Kimmel-Jake-Johnson_mp4-0167_jpg.rf.6f1abe023006ba0091fd790855daf13b.jpg, 0, 1, 0, 0, 0
Training_Video_Jimmy-Kimmel-Jake-Johnson_mp4-0165_jpg.rf.74bebad671e33f18fed5b803aab927d8.jpg, 0, 1, 0, 1, 0
Training_Video_Jimmy-Kimmel-Jake-Johnson_mp4-0104_jpg.rf.72eec2c623658f9864121d9123f041a9.jpg, 0, 0, 1, 0, 0
Training_Video_Jimmy-Kimmel-Jake-Johnson_mp4-0143_jpg.rf.713145b7edc95a22e7ccfe53d42153d5.jpg, 0, 1, 0, 0, 0
Training_Video_Jimmy-Kimmel-Jake-Johnson_mp4-0652_jpg.rf.70d3370787d2141df437020f53d7f533.jpg, 0, 1, 0, 1, 0
Training_Video_Jimmy-Kimmel-Jake-Johnson_mp4-0099_jpg.rf.70cfa806a5d9140bc50282ade04b1e97.jpg, 0, 0, 1, 0, 0
Training_Video_Jimmy-Kimmel-Jake-Johnson_mp4-0042_jpg.rf.723753aa0fbc4475b0738839cb2eeb40.jpg, 0, 0, 1, 0, 0
Training_Video_Jimmy-Kimmel-Jake-Johnson_mp4-0171_jpg.rf.7432d70f4a1ece2584a32914e47c913b.jpg, 0, 1, 0, 0, 0
Training_Video_Jimmy-Kimmel-Jake-Johnson_mp4-0497_jpg.rf.71fc08c61f14f77b695f5390cb6ce31d.jpg, 1, 0, 0, 0, 0
Training_Video_Jimmy-Kimmel-Jake-Johnson_mp4-0171_jpg.rf.7620fe53d98e367d610805ebb5835bcd.jpg, 0, 1, 0, 0, 0
Training_Video_Jimmy-Kimmel-Jake-Johnson_mp4-0494_jpg.rf.7546ed95c89ab008bdea3330c788ec01.jpg, 1, 0, 0, 0, 0
Training_Video_Jimmy-Kimmel-Jake-Johnson_mp4-0012_jpg.rf.72036151689e40ff25a6a035bed60b4d.jpg, 0, 0, 0, 0, 0
Training_Video_Jimmy-Kimmel-Jake-Johnson_mp4-0004_jpg.rf.6fa168dc90674db67e12938597bb9d49.jpg, 0, 0, 1, 0, 0
Training_Video_Jimmy-Kimmel-Jake-Johnson_mp4-0037_jpg.rf.74753efad0c233f3ee9be0f76d69b275.jpg, 0, 0, 1, 0, 0
Training_Video_Jimmy-Kimmel-Jake-Johnson_mp4-0021_jpg.rf.753892e0c9760ee05284299578a2b849.jpg, 0, 0, 1, 0, 0
Training_Video_Jimmy-Kimmel-Jake-Johnson_mp4-0090_jpg.rf.764e2502d346bb56960b7e09f28e17f5.jpg, 0, 1, 0, 0, 0
Training_Video_Jimmy-Kimmel-Jake-Johnson_mp4-0048_jpg.rf.7118f90300dbe17e8695826e3ee345aa.jpg, 0, 0, 1, 0, 0
Training_Video_Jimmy-Kimmel-Jake-Johnson_mp4-0264_jpg.rf.70c01e4b7f834536df19b81da7040359.jpg, 0, 1, 0, 1, 0
Training_Video_Jimmy-Kimmel-Jake-Johnson_mp4-0081_jpg.rf.7836c8757e0022ce2397115097fbc765.jpg, 0, 1, 0, 0, 0
Training_Video_Jimmy-Kimmel-Jake-Johnson_mp4-0438_jpg.rf.702fb8645a8dad464f3b8d1d3ff66a72.jpg, 0, 1, 0, 1, 0
Training_Video_Jimmy-Kimmel-Jake-Johnson_mp4-0060_jpg.rf.765619b38b79fe5048c8736a3b22f34c.jpg, 0, 0, 1, 0, 0
Training_Video_Jimmy-Kimmel-Jake-Johnson_mp4-0519_jpg.rf.7783a0de1d8fd8da4ae5aff78561442f.jpg, 0, 1, 0, 1, 0
Training_Video_Jimmy-Kimmel-Jake-Johnson_mp4-0039_jpg.rf.7487b794c18782d520a98c32f83b7490.jpg, 0, 0, 1, 0, 0
Training_Video_Jimmy-Kimmel-Jake-Johnson_mp4-0117_jpg.rf.77c9547983b161e262c1a6d0c9f8719e.jpg, 0, 1, 0, 1, 0
Training_Video_Jimmy-Kimmel-Jake-Johnson_mp4-0272_jpg.rf.768bd56b86c703fc2d922c4d23987229.jpg, 0, 1, 0, 1, 0
Training_Video_Jimmy-Kimmel-Jake-Johnson_mp4-0554_jpg.rf.78bd788395aa1baf01ff1daa74c54a31.jpg, 1, 0, 0, 0, 0
Training_Video_Jimmy-Kimmel-Jake-Johnson_mp4-0442_jpg.rf.781a60cd95f70b1f9d6f87272d244aff.jpg, 0, 1, 0, 1, 0
Training_Video_Jimmy-Kimmel-Jake-Johnson_mp4-0077_jpg.rf.790517cfd1865f9f1456389b2d119faa.jpg, 0, 0, 1, 0, 0
Training_Video_Jimmy-Kimmel-Jake-Johnson_mp4-0105_jpg.rf.780edae980d77a89e58f05ee746b5b50.jpg, 0, 1, 0, 0, 0
Training_Video_Jimmy-Kimmel-Jake-Johnson_mp4-0027_jpg.rf.7910758811334635e5e0075c166a72c4.jpg, 0, 0, 1, 0, 0
Training_Video_Jimmy-Kimmel-Jake-Johnson_mp4-0132_jpg.rf.7ae7fbc5a665f60dc48d7d8bd085d255.jpg, 0, 1, 0, 0, 0
Training_Video_Jimmy-Kimmel-Jake-Johnson_mp4-0056_jpg.rf.78a1b1ebdd030b4c9cd53a9c8b523d36.jpg, 0, 0, 1, 0, 0
Training_Video_Jimmy-Kimmel-Jake-Johnson_mp4-0058_jpg.rf.7a5f7a781ac4e342baf01035cc0949cc.jpg, 0, 0, 1, 0, 0
Training_Video_Jimmy-Kimmel-Jake-Johnson_mp4-0117_jpg.rf.7acafc93e59bfcc2d86939bb62b6cffd.jpg, 0, 1, 0, 1, 0
Training_Video_Jimmy-Kimmel-Jake-Johnson_mp4-0109_jpg.rf.7d36d636bb0028528002f3705af1a22b.jpg, 0, 0, 1, 0, 0
Training_Video_Jimmy-Kimmel-Jake-Johnson_mp4-0009_jpg.rf.7c0196f03f3223fa48fc8c064e5d8e11.jpg, 0, 0, 1, 0, 0
Training_Video_Jimmy-Kimmel-Jake-Johnson_mp4-0027_jpg.rf.7972b0d2d00717d99750a07215cda4fa.jpg, 0, 0, 1, 0, 0
Training_Video_Jimmy-Kimmel-Jake-Johnson_mp4-0512_jpg.rf.7ac619b65aa05b2146432381d0b3541f.jpg, 1, 0, 0, 0, 0
Training_Video_Jimmy-Kimmel-Jake-Johnson_mp4-0441_jpg.rf.7e948f42f8395181ac2ffd2280817c46.jpg, 0, 1, 0, 1, 0
Training_Video_Jimmy-Kimmel-Jake-Johnson_mp4-0003_jpg.rf.7c4db34d6de278cee2df84edce7ff1ac.jpg, 0, 0, 1, 0, 0
Training_Video_Jimmy-Kimmel-Jake-Johnson_mp4-0091_jpg.rf.7ee565a6911125394e4112ef19565e80.jpg, 0, 0, 1, 0, 0
Training_Video_Jimmy-Kimmel-Jake-Johnson_mp4-0184_jpg.rf.810a6f08d71b794918cb746639dd1224.jpg, 0, 1, 0, 1, 0
Training_Video_Jimmy-Kimmel-Jake-Johnson_mp4-0046_jpg.rf.7fc65c38a75857b37092911e84cc7610.jpg, 0, 0, 1, 0, 0
Training_Video_Jimmy-Kimmel-Jake-Johnson_mp4-0078_jpg.rf.7c2d41fe8c0d6d9c62eb60f80eccc242.jpg, 0, 1, 0, 0, 0
Training_Video_Jimmy-Kimmel-Jake-Johnson_mp4-0030_jpg.rf.807c687d37bc462db665b170f7e8bf75.jpg, 0, 0, 1, 0, 0
Training_Video_Jimmy-Kimmel-Jake-Johnson_mp4-0096_jpg.rf.80588d6cf62249beb3406414d19e9707.jpg, 0, 0, 1, 0, 0
Training_Video_Jimmy-Kimmel-Jake-Johnson_mp4-0258_jpg.rf.83d570dc987b18b2945bd3b185904403.jpg, 0, 1, 0, 1, 0
Training_Video_Jimmy-Kimmel-Jake-Johnson_mp4-0063_jpg.rf.817cecdab974ddffa939a6c724f5fefa.jpg, 0, 0, 1, 0, 0
Training_Video_Jimmy-Kimmel-Jake-Johnson_mp4-0054_jpg.rf.8131c3391db7da65e2bf0ede18709ad9.jpg, 0, 0, 1, 0, 0
Training_Video_Jimmy-Kimmel-Jake-Johnson_mp4-0093_jpg.rf.82f2f84312293e39607d3a6aa82e26e2.jpg, 0, 1, 0, 0, 0
Training_Video_Jimmy-Kimmel-Jake-Johnson_mp4-0494_jpg.rf.83ab56d3f411f20bf37730fb409e7bc6.jpg, 1, 0, 0, 0, 0
Training_Video_Jimmy-Kimmel-Jake-Johnson_mp4-0154_jpg.rf.872f737aca80077ef7a4e887017cba0b.jpg, 0, 1, 0, 0, 0
Training_Video_Jimmy-Kimmel-Jake-Johnson_mp4-0037_jpg.rf.7e07f92ba8f5ea2a12d02036c3e02589.jpg, 0, 0, 1, 0, 0
Training_Video_Jimmy-Kimmel-Jake-Johnson_mp4-0015_jpg.rf.7d8ffd1df987a236062f8b872f5755aa.jpg, 0, 0, 1, 0, 0
Training_Video_Jimmy-Kimmel-Jake-Johnson_mp4-0042_jpg.rf.84d3f593b73d13b2545c83c9aa1b6abc.jpg, 0, 0, 1, 0, 0
Training_Video_Jimmy-Kimmel-Jake-Johnson_mp4-0444_jpg.rf.842705d1cc0b6bf0633ea7d3ce19de0a.jpg, 0, 1, 0, 1, 0
Training_Video_Jimmy-Kimmel-Jake-Johnson_mp4-0272_jpg.rf.892a64ee268f61538f367ce929e50dd7.jpg, 0, 1, 0, 1, 0
Training_Video_Jimmy-Kimmel-Jake-Johnson_mp4-0489_jpg.rf.8272320d77e3e24e5bc35f63bf11c3ed.jpg, 1, 0, 0, 0, 0
Training_Video_Jimmy-Kimmel-Jake-Johnson_mp4-0136_jpg.rf.889970ef7517e7f0a115bda4926f27d5.jpg, 0, 1, 0, 0, 0
Training_Video_Jimmy-Kimmel-Jake-Johnson_mp4-0036_jpg.rf.869e6e968568d0a310cd371553c6cfb5.jpg, 0, 0, 1, 0, 0
Training_Video_Jimmy-Kimmel-Jake-Johnson_mp4-0433_jpg.rf.86232c71b5dcda3c98b1be593f08ba2a.jpg, 0, 1, 0, 1, 0
Training_Video_Jimmy-Kimmel-Jake-Johnson_mp4-0064_jpg.rf.86ee72ed6a56f51a9496340e0d0266b3.jpg, 0, 0, 1, 0, 0
Training_Video_Jimmy-Kimmel-Jake-Johnson_mp4-0261_jpg.rf.89cea29e0c3ba01119e375a7aa2d0b39.jpg, 0, 1, 0, 1, 0
Training_Video_Jimmy-Kimmel-Jake-Johnson_mp4-0058_jpg.rf.8761896bb9dbe7c833d224dc9ffc7103.jpg, 0, 0, 1, 0, 0
Training_Video_Jimmy-Kimmel-Jake-Johnson_mp4-0102_jpg.rf.8a24f5e19e2a5ef77dd5657841ef3914.jpg, 0, 1, 0, 0, 0
Training_Video_Jimmy-Kimmel-Jake-Johnson_mp4-0148_jpg.rf.8ab849a2230c1d161d4cacdc5144b20e.jpg, 0, 1, 0, 0, 0
Training_Video_Jimmy-Kimmel-Jake-Johnson_mp4-0641_jpg.rf.8b66f4937265b4ffc226b40232e38ca6.jpg, 0, 1, 0, 1, 0
Training_Video_Jimmy-Kimmel-Jake-Johnson_mp4-0072_jpg.rf.8939591c17eb70deca2cd8e21ac7b085.jpg, 0, 0, 1, 0, 0
Training_Video_Jimmy-Kimmel-Jake-Johnson_mp4-0059_jpg.rf.8e1f1974873c6738a21a4507388fd5bf.jpg, 0, 0, 1, 0, 0
Training_Video_Jimmy-Kimmel-Jake-Johnson_mp4-2873_jpg.rf.8b20f1d5f1fb0fd945079fefb160080c.jpg, 0, 1, 0, 1, 0
Training_Video_Jimmy-Kimmel-Jake-Johnson_mp4-0023_jpg.rf.8cb0639d06363c98ca9943cb634f9682.jpg, 0, 0, 1, 0, 0
Training_Video_Jimmy-Kimmel-Jake-Johnson_mp4-0045_jpg.rf.8b78f0f8d11dc52d61adfa5e5a1328f9.jpg, 0, 0, 1, 0, 0
Training_Video_Jimmy-Kimmel-Jake-Johnson_mp4-0030_jpg.rf.8a68a8655e8880e74901d4d01f181082.jpg, 0, 0, 1, 0, 0
Training_Video_Jimmy-Kimmel-Jake-Johnson_mp4-0514_jpg.rf.8d48e024c86c5e7c62ae2c1bca13dc4c.jpg, 1, 0, 0, 0, 0
Training_Video_Jimmy-Kimmel-Jake-Johnson_mp4-0024_jpg.rf.8f80e94b0e410d1769681657d3bc177d.jpg, 0, 0, 1, 0, 0
Training_Video_Jimmy-Kimmel-Jake-Johnson_mp4-0003_jpg.rf.8bab4fabed1f24d3904567ff1aea7d46.jpg, 0, 0, 1, 0, 0
Training_Video_Jimmy-Kimmel-Jake-Johnson_mp4-0147_jpg.rf.9004799980d2a9531db4220fbfcceafd.jpg, 0, 1, 0, 0, 0
Training_Video_Jimmy-Kimmel-Jake-Johnson_mp4-0051_jpg.rf.8f1e3c5caf233edbbfe884781697936c.jpg, 0, 0, 1, 0, 0
Training_Video_Jimmy-Kimmel-Jake-Johnson_mp4-0444_jpg.rf.8bac294b4e728829e6f180b9695fd43c.jpg, 0, 1, 0, 1, 0
Training_Video_Jimmy-Kimmel-Jake-Johnson_mp4-0013_jpg.rf.914d3d92fd93023078ec881be5875d61.jpg, 0, 0, 1, 0, 0
Training_Video_Jimmy-Kimmel-Jake-Johnson_mp4-0267_jpg.rf.92098eeb0297e687c1351ef3b9add724.jpg, 0, 1, 0, 1, 0
Training_Video_Jimmy-Kimmel-Jake-Johnson_mp4-0088_jpg.rf.90174e22381665a37054e14c55366e42.jpg, 0, 0, 1, 0, 0
Training_Video_Jimmy-Kimmel-Jake-Johnson_mp4-0060_jpg.rf.8d67053dc758950469e1c51ba943e459.jpg, 0, 0, 1, 0, 0
Training_Video_Jimmy-Kimmel-Jake-Johnson_mp4-0429_jpg.rf.912bd68a20200ac387be825d7ab437a7.jpg, 0, 1, 0, 1, 0
Training_Video_Jimmy-Kimmel-Jake-Johnson_mp4-0512_jpg.rf.9013e9215d52dd228d14eb598da450ae.jpg, 1, 0, 0, 0, 0
Training_Video_Jimmy-Kimmel-Jake-Johnson_mp4-0390_jpg.rf.8e41f7e97b46fc3a1a6c097ac8054747.jpg, 0, 1, 0, 1, 0
Training_Video_Jimmy-Kimmel-Jake-Johnson_mp4-0183_jpg.rf.927da8a1d4cadc71b8ed6b4b702efc8f.jpg, 0, 1, 0, 1, 0
Training_Video_Jimmy-Kimmel-Jake-Johnson_mp4-0462_jpg.rf.8f3daf6539925ba20a71e852f3b7bb47.jpg, 1, 0, 0, 0, 0
Training_Video_Jimmy-Kimmel-Jake-Johnson_mp4-0036_jpg.rf.9454aa95fbe21da3d6ecc16f507484d5.jpg, 0, 0, 1, 0, 0
Training_Video_Jimmy-Kimmel-Jake-Johnson_mp4-0438_jpg.rf.9274ce30d340e5139d9c86882a12b69e.jpg, 0, 1, 0, 1, 0
Training_Video_Jimmy-Kimmel-Jake-Johnson_mp4-2882_jpg.rf.94ea1e859b332311f0287275059f993d.jpg, 0, 0, 0, 0, 1
Training_Video_Jimmy-Kimmel-Jake-Johnson_mp4-0029_jpg.rf.94151ed920d31a02d59b8a5debaea701.jpg, 0, 0, 1, 0, 0
Training_Video_Jimmy-Kimmel-Jake-Johnson_mp4-0049_jpg.rf.92ffd0ba26a9176cb3f2617718bcafc5.jpg, 0, 0, 1, 0, 0
Training_Video_Jimmy-Kimmel-Jake-Johnson_mp4-0647_jpg.rf.9462663ec981ad207aa64a3c27ff547a.jpg, 0, 1, 0, 1, 0
Training_Video_Jimmy-Kimmel-Jake-Johnson_mp4-0639_jpg.rf.9537003ec0021872205bde19d69a49be.jpg, 0, 1, 0, 1, 0
Training_Video_Jimmy-Kimmel-Jake-Johnson_mp4-0641_jpg.rf.92114fce27159d545302c47ec1abd3bc.jpg, 0, 1, 0, 1, 0
Training_Video_Jimmy-Kimmel-Jake-Johnson_mp4-0017_jpg.rf.981d835564ab8c866efe2df87755aace.jpg, 0, 0, 0, 0, 0
Training_Video_Jimmy-Kimmel-Jake-Johnson_mp4-0165_jpg.rf.9501acfc080ac992553464b67c4e214f.jpg, 0, 1, 0, 1, 0
Training_Video_Jimmy-Kimmel-Jake-Johnson_mp4-0506_jpg.rf.9427b65590f8ec30a9cbe4f8bf6e53eb.jpg, 1, 0, 0, 0, 0
Training_Video_Jimmy-Kimmel-Jake-Johnson_mp4-0031_jpg.rf.96712bcbe0dfed3e2cf809eb519097b5.jpg, 0, 0, 1, 0, 0
Training_Video_Jimmy-Kimmel-Jake-Johnson_mp4-0389_jpg.rf.993d86b2c5515e3192f268216e647a30.jpg, 0, 1, 0, 1, 0
Training_Video_Jimmy-Kimmel-Jake-Johnson_mp4-0162_jpg.rf.95101b1679f68475d499941ab2a39db8.jpg, 0, 1, 0, 0, 0
Training_Video_Jimmy-Kimmel-Jake-Johnson_mp4-2876_jpg.rf.985f37063323ccc7e09023df71d2bc68.jpg, 0, 1, 0, 1, 1
Training_Video_Jimmy-Kimmel-Jake-Johnson_mp4-5482_jpg.rf.957fd093221df971969cc7de2c5f8643.jpg, 0, 1, 0, 1, 0
Training_Video_Jimmy-Kimmel-Jake-Johnson_mp4-5483_jpg.rf.96493ddd306d63e14f1a6048b069a265.jpg, 0, 1, 0, 1, 0
Training_Video_Jimmy-Kimmel-Jake-Johnson_mp4-0169_jpg.rf.9be5f22738b5c0b3ecf086cf37fdc8b9.jpg, 0, 1, 0, 0, 0
Training_Video_Jimmy-Kimmel-Jake-Johnson_mp4-0062_jpg.rf.9559462ba891148f0e268cbf478296f1.jpg, 0, 0, 1, 0, 0
Training_Video_Jimmy-Kimmel-Jake-Johnson_mp4-0136_jpg.rf.97ae9dece341f587c61fdf97c89682fb.jpg, 0, 1, 0, 0, 0
Training_Video_Jimmy-Kimmel-Jake-Johnson_mp4-0653_jpg.rf.96351f0eda62a5f52f557b6d53245263.jpg, 0, 1, 0, 1, 0
Training_Video_Jimmy-Kimmel-Jake-Johnson_mp4-5479_jpg.rf.9ac6c8a8b09fcfb0973b9d798670d01a.jpg, 0, 1, 0, 1, 0
Training_Video_Jimmy-Kimmel-Jake-Johnson_mp4-0508_jpg.rf.9c1eab23988f8f04ec98c22611d4cc2a.jpg, 1, 0, 0, 0, 0
Training_Video_Jimmy-Kimmel-Jake-Johnson_mp4-0231_jpg.rf.9974e76455f3e4f284b9e5d9658f36b9.jpg, 0, 1, 0, 1, 0
Training_Video_Jimmy-Kimmel-Jake-Johnson_mp4-0132_jpg.rf.9b91596c9320f69424a1188c6ecfacb5.jpg, 0, 1, 0, 0, 0
Training_Video_Jimmy-Kimmel-Jake-Johnson_mp4-0176_jpg.rf.9c9deb8b9febe65746bf60392b5dcd4d.jpg, 0, 1, 0, 0, 0
Training_Video_Jimmy-Kimmel-Jake-Johnson_mp4-0105_jpg.rf.a26e59c94aebba2b5128ec0c25fdc7cc.jpg, 0, 1, 0, 0, 0
Training_Video_Jimmy-Kimmel-Jake-Johnson_mp4-0158_jpg.rf.98f781d3681a969c885797e2a2d5e9d1.jpg, 0, 1, 0, 0, 0
Training_Video_Jimmy-Kimmel-Jake-Johnson_mp4-0647_jpg.rf.9cc9de69813bf64b31c4065098399736.jpg, 0, 1, 0, 1, 0
Training_Video_Jimmy-Kimmel-Jake-Johnson_mp4-0046_jpg.rf.9fa9eaaf4bcd8b712a61b5a667a87b1e.jpg, 0, 0, 1, 0, 0
Training_Video_Jimmy-Kimmel-Jake-Johnson_mp4-5481_jpg.rf.9ccd85ddf258d3e66e3611a2d2e8f02e.jpg, 0, 1, 0, 1, 0
Training_Video_Jimmy-Kimmel-Jake-Johnson_mp4-0169_jpg.rf.a11a7b5c7f05ddb5101b02404a797c78.jpg, 0, 1, 0, 0, 0
Training_Video_Jimmy-Kimmel-Jake-Johnson_mp4-0161_jpg.rf.9ffd736417bdd6bc9177d30929b94399.jpg, 0, 1, 0, 0, 0
Training_Video_Jimmy-Kimmel-Jake-Johnson_mp4-0073_jpg.rf.9bcf4baabc03caff96f3693812e64f9c.jpg, 0, 0, 1, 0, 0
Training_Video_Jimmy-Kimmel-Jake-Johnson_mp4-0276_jpg.rf.a02c88c253ace6e613dbb2d258fe9346.jpg, 1, 0, 0, 0, 0
Training_Video_Jimmy-Kimmel-Jake-Johnson_mp4-0006_jpg.rf.9f3c7a860ea6fb142a9bd8986328e4ba.jpg, 0, 0, 0, 0, 0
Training_Video_Jimmy-Kimmel-Jake-Johnson_mp4-0043_jpg.rf.a2d348467d84dfd5ea92d679955a1d6d.jpg, 0, 0, 1, 0, 0
Training_Video_Jimmy-Kimmel-Jake-Johnson_mp4-0231_jpg.rf.a66878cc49b7e83a5e6db3c4ecdb66da.jpg, 0, 1, 0, 1, 0
Training_Video_Jimmy-Kimmel-Jake-Johnson_mp4-0051_jpg.rf.a546fcf2d83c39d1bb973e0758b4d189.jpg, 0, 0, 1, 0, 0
Training_Video_Jimmy-Kimmel-Jake-Johnson_mp4-0496_jpg.rf.a1228dac242d716fae3bc008f284b8a5.jpg, 1, 0, 0, 0, 0
Training_Video_Jimmy-Kimmel-Jake-Johnson_mp4-0076_jpg.rf.a2c1396e4ae0c1d9dc75cc3da9e5cd6e.jpg, 0, 0, 1, 0, 0
Training_Video_Jimmy-Kimmel-Jake-Johnson_mp4-0077_jpg.rf.9fb6ba79d59e0a4de39366860055db85.jpg, 0, 0, 1, 0, 0
Training_Video_Jimmy-Kimmel-Jake-Johnson_mp4-0487_jpg.rf.a415cd676fa915ed1584e974a9c84bad.jpg, 1, 0, 0, 0, 0
Training_Video_Jimmy-Kimmel-Jake-Johnson_mp4-0002_jpg.rf.a61e86100dcfe622e25a4c13de462a18.jpg, 0, 0, 1, 0, 0
Training_Video_Jimmy-Kimmel-Jake-Johnson_mp4-0143_jpg.rf.a3f745cf053893ff6d961d105231792d.jpg, 0, 1, 0, 0, 0
Training_Video_Jimmy-Kimmel-Jake-Johnson_mp4-0519_jpg.rf.a325a0944a7c0e683f6c29ef607170c4.jpg, 0, 1, 0, 1, 0
Training_Video_Jimmy-Kimmel-Jake-Johnson_mp4-0082_jpg.rf.a43b0592c20164c15b458e05a4866e98.jpg, 0, 0, 1, 0, 0
Training_Video_Jimmy-Kimmel-Jake-Johnson_mp4-0036_jpg.rf.a82b277f73603b70723e6eaa1513d791.jpg, 0, 0, 1, 0, 0
Training_Video_Jimmy-Kimmel-Jake-Johnson_mp4-0436_jpg.rf.a8c1e10db7eab344e561328ac0550002.jpg, 0, 1, 0, 1, 0
Training_Video_Jimmy-Kimmel-Jake-Johnson_mp4-0060_jpg.rf.a7ef4a939128a0e01cb9fd72500be53b.jpg, 0, 0, 1, 0, 0
Training_Video_Jimmy-Kimmel-Jake-Johnson_mp4-0162_jpg.rf.9da100ecf4e0e98aab598c1b798ca3e9.jpg, 0, 1, 0, 0, 0
Training_Video_Jimmy-Kimmel-Jake-Johnson_mp4-0157_jpg.rf.a4463092585b3c32e12a057376d96080.jpg, 0, 1, 0, 0, 0
Training_Video_Jimmy-Kimmel-Jake-Johnson_mp4-0061_jpg.rf.a292e6a360a761c728b57849c43deeb9.jpg, 0, 0, 1, 0, 0
Training_Video_Jimmy-Kimmel-Jake-Johnson_mp4-0294_jpg.rf.a91b34ec0a9d4d7e52610ce71034b007.jpg, 1, 0, 0, 0, 0
Training_Video_Jimmy-Kimmel-Jake-Johnson_mp4-0172_jpg.rf.ab92030f3359e86e2dda9e065b36bccb.jpg, 0, 1, 0, 0, 0
Training_Video_Jimmy-Kimmel-Jake-Johnson_mp4-0649_jpg.rf.aa17aaa79a0db604186a903711f60e12.jpg, 0, 1, 0, 1, 0
Training_Video_Jimmy-Kimmel-Jake-Johnson_mp4-0072_jpg.rf.a679e8a51771d492bf41f94ed6a50afd.jpg, 0, 0, 1, 0, 0
Training_Video_Jimmy-Kimmel-Jake-Johnson_mp4-0032_jpg.rf.aa3b56285afad51f7aeb1ae24b5e7954.jpg, 0, 0, 1, 0, 0
Training_Video_Jimmy-Kimmel-Jake-Johnson_mp4-0061_jpg.rf.abbd503cd4da1336c3570133ea2b1a0f.jpg, 0, 0, 1, 0, 0
Training_Video_Jimmy-Kimmel-Jake-Johnson_mp4-0273_jpg.rf.ab28e5b7e1ded7c31d1435fa276033a5.jpg, 0, 1, 0, 1, 0
Training_Video_Jimmy-Kimmel-Jake-Johnson_mp4-0172_jpg.rf.b29eb546855e55497765afdd27abaff5.jpg, 0, 1, 0, 0, 0
Training_Video_Jimmy-Kimmel-Jake-Johnson_mp4-0272_jpg.rf.ae2183ec5104bfea7a6b2bf1f224b259.jpg, 0, 1, 0, 1, 0
Training_Video_Jimmy-Kimmel-Jake-Johnson_mp4-0019_jpg.rf.ac4ec0ba465896611c16c123160abf84.jpg, 0, 0, 0, 0, 0
Training_Video_Jimmy-Kimmel-Jake-Johnson_mp4-0096_jpg.rf.b12ccf6ac5a489efa3096b92fd5fae28.jpg, 0, 0, 1, 0, 0
Training_Video_Jimmy-Kimmel-Jake-Johnson_mp4-0261_jpg.rf.a79bb18724b7eb3cdf5d3ba7a41a7f53.jpg, 0, 1, 0, 1, 0
Training_Video_Jimmy-Kimmel-Jake-Johnson_mp4-0497_jpg.rf.affe1092275581f29d05995022f6be7b.jpg, 1, 0, 0, 0, 0
Training_Video_Jimmy-Kimmel-Jake-Johnson_mp4-0176_jpg.rf.b4d4219be28b428c65099367737cfc4a.jpg, 0, 1, 0, 0, 0
Training_Video_Jimmy-Kimmel-Jake-Johnson_mp4-0306_jpg.rf.b3da95a404f1f9db8087b36a469bf49a.jpg, 1, 0, 0, 0, 0
Training_Video_Jimmy-Kimmel-Jake-Johnson_mp4-0558_jpg.rf.b251b3c60d7cfba0d07bc5719530ce2e.jpg, 1, 0, 0, 0, 0
Training_Video_Jimmy-Kimmel-Jake-Johnson_mp4-0558_jpg.rf.ad4f7934426a96632e40619ee2b2ed36.jpg, 1, 0, 0, 0, 0
Training_Video_Jimmy-Kimmel-Jake-Johnson_mp4-2872_jpg.rf.ac5368ec54f3b96953115a72e2e80399.jpg, 0, 1, 0, 1, 1
Training_Video_Jimmy-Kimmel-Jake-Johnson_mp4-0054_jpg.rf.b4d247877b1c49b293f135d508e7153b.jpg, 0, 0, 1, 0, 0
Training_Video_Jimmy-Kimmel-Jake-Johnson_mp4-0138_jpg.rf.ad5e08be2f824a803aafcc061d282ace.jpg, 0, 1, 0, 0, 0
Training_Video_Jimmy-Kimmel-Jake-Johnson_mp4-0390_jpg.rf.b49cf95d004fb7c6b804d2eb436ae68a.jpg, 0, 1, 0, 1, 0
Training_Video_Jimmy-Kimmel-Jake-Johnson_mp4-0132_jpg.rf.b69adf1734147dba95aa363675859171.jpg, 0, 1, 0, 0, 0
Training_Video_Jimmy-Kimmel-Jake-Johnson_mp4-0044_jpg.rf.b446680a2942faa30a46bb2ed67c85ad.jpg, 0, 0, 1, 0, 0
Training_Video_Jimmy-Kimmel-Jake-Johnson_mp4-2872_jpg.rf.ac5e258280512a1816769c0c655e3e7d.jpg, 0, 1, 0, 1, 1
Training_Video_Jimmy-Kimmel-Jake-Johnson_mp4-0078_jpg.rf.b3219cab96550a821977906ff0ec3610.jpg, 0, 1, 0, 0, 0
Training_Video_Jimmy-Kimmel-Jake-Johnson_mp4-0438_jpg.rf.b6ff5dbf97e96d1216a14bbc094e9604.jpg, 0, 1, 0, 1, 0
Training_Video_Jimmy-Kimmel-Jake-Johnson_mp4-0045_jpg.rf.b6e65f5411e8d55f7b327a27aba944ba.jpg, 0, 0, 1, 0, 0
Training_Video_Jimmy-Kimmel-Jake-Johnson_mp4-0026_jpg.rf.b4fd2083fea4c0da809c8047242b9596.jpg, 0, 0, 1, 0, 0
Training_Video_Jimmy-Kimmel-Jake-Johnson_mp4-0078_jpg.rf.ba85934a40354486db5e02c1c02b197c.jpg, 0, 0, 1, 0, 0
Training_Video_Jimmy-Kimmel-Jake-Johnson_mp4-0529_jpg.rf.b9c54e72da2923e338cfa38ec023ab9f.jpg, 0, 1, 0, 1, 0
Training_Video_Jimmy-Kimmel-Jake-Johnson_mp4-0309_jpg.rf.b8d0dc80e1104caa5d9f00c9f05685cc.jpg, 1, 0, 0, 0, 0
Training_Video_Jimmy-Kimmel-Jake-Johnson_mp4-0131_jpg.rf.b8e1bff85515b36055b86c2f82c11295.jpg, 0, 1, 0, 0, 0
Training_Video_Jimmy-Kimmel-Jake-Johnson_mp4-0076_jpg.rf.bc10156bee89f7b9ca4cac1c404a061b.jpg, 0, 0, 1, 0, 0
Training_Video_Jimmy-Kimmel-Jake-Johnson_mp4-0462_jpg.rf.bbd264e98b686affddb87b9fc92704ab.jpg, 1, 0, 0, 0, 0
Training_Video_Jimmy-Kimmel-Jake-Johnson_mp4-0429_jpg.rf.bae3bf3f4d690bcd2af9db80d1c0be38.jpg, 0, 1, 0, 1, 0
Training_Video_Jimmy-Kimmel-Jake-Johnson_mp4-0006_jpg.rf.bd26ffd7fb3781e00d2359481d38adda.jpg, 0, 0, 0, 0, 0
Training_Video_Jimmy-Kimmel-Jake-Johnson_mp4-5482_jpg.rf.bd0175f556d6cdd4c999cf9303ea9478.jpg, 0, 1, 0, 1, 0
Training_Video_Jimmy-Kimmel-Jake-Johnson_mp4-0653_jpg.rf.bc56bfe3bfcc296e6fa999e3e24cde11.jpg, 0, 1, 0, 1, 0
Training_Video_Jimmy-Kimmel-Jake-Johnson_mp4-0426_jpg.rf.bb650dadaafc6e731510f9e146f730b5.jpg, 0, 1, 0, 1, 0
Training_Video_Jimmy-Kimmel-Jake-Johnson_mp4-0057_jpg.rf.be10775ef204000b2425c0849967ba0a.jpg, 0, 0, 1, 0, 0
Training_Video_Jimmy-Kimmel-Jake-Johnson_mp4-0024_jpg.rf.b836e489568a625a16e60b528b9efe85.jpg, 0, 0, 1, 0, 0
Training_Video_Jimmy-Kimmel-Jake-Johnson_mp4-0007_jpg.rf.b60fd84e6c4eb3e3832ed67dbf7cebff.jpg, 0, 0, 0, 0, 0
Training_Video_Jimmy-Kimmel-Jake-Johnson_mp4-0194_jpg.rf.bc8d1bb20fc07c429a9bc88e54c61a0c.jpg, 0, 1, 0, 1, 0
Training_Video_Jimmy-Kimmel-Jake-Johnson_mp4-0181_jpg.rf.be578c9b16aa7ff0f0bcc1d75248219c.jpg, 0, 1, 0, 1, 0
Training_Video_Jimmy-Kimmel-Jake-Johnson_mp4-0039_jpg.rf.bec6c7236765406b7d07de92e72f4cc4.jpg, 0, 0, 1, 0, 0
Training_Video_Jimmy-Kimmel-Jake-Johnson_mp4-0017_jpg.rf.bbc53d281ed0077865578cd93e11fde9.jpg, 0, 0, 0, 0, 0
Training_Video_Jimmy-Kimmel-Jake-Johnson_mp4-0008_jpg.rf.bd7ed77505c2539becc02710d70798f7.jpg, 0, 0, 1, 0, 0
Training_Video_Jimmy-Kimmel-Jake-Johnson_mp4-0102_jpg.rf.c233a18d85eae2e7eb5af62f043bf7a0.jpg, 0, 0, 1, 0, 0
Training_Video_Jimmy-Kimmel-Jake-Johnson_mp4-0647_jpg.rf.c2e61f2d14c9596f714b9b4678b6266c.jpg, 0, 1, 0, 1, 0
Training_Video_Jimmy-Kimmel-Jake-Johnson_mp4-0029_jpg.rf.bf1aeed0f60b2d6592eeba2886e13ed3.jpg, 0, 0, 1, 0, 0
Training_Video_Jimmy-Kimmel-Jake-Johnson_mp4-0558_jpg.rf.c30e2f6d57c280767d4ca73fd9945c9b.jpg, 1, 0, 0, 0, 0
Training_Video_Jimmy-Kimmel-Jake-Johnson_mp4-0156_jpg.rf.c113711d7c6fcc0f4b7945d595d54347.jpg, 0, 1, 0, 0, 0
Training_Video_Jimmy-Kimmel-Jake-Johnson_mp4-0433_jpg.rf.c40654c4991d0f1466dd49caf47dcc6f.jpg, 0, 1, 0, 1, 0
Training_Video_Jimmy-Kimmel-Jake-Johnson_mp4-0648_jpg.rf.c0b4489aad8a83c995227a707b19f782.jpg, 0, 1, 0, 1, 0
Training_Video_Jimmy-Kimmel-Jake-Johnson_mp4-0491_jpg.rf.c30da5311e049ae62721883145a3c90b.jpg, 1, 0, 0, 0, 0
Training_Video_Jimmy-Kimmel-Jake-Johnson_mp4-0077_jpg.rf.c190bdc461798618c673f30daec9e6f6.jpg, 0, 0, 1, 0, 0
Training_Video_Jimmy-Kimmel-Jake-Johnson_mp4-0312_jpg.rf.c5fee77c8ee0ac612d9bbed885d24411.jpg, 0, 1, 0, 1, 0
Training_Video_Jimmy-Kimmel-Jake-Johnson_mp4-0053_jpg.rf.becbefaddbafd783f8034916b0a76cdd.jpg, 0, 0, 1, 0, 0
Training_Video_Jimmy-Kimmel-Jake-Johnson_mp4-0639_jpg.rf.c136d61db8bd3ebfca0bd0d098867a8e.jpg, 0, 1, 0, 1, 0
Training_Video_Jimmy-Kimmel-Jake-Johnson_mp4-2882_jpg.rf.c5707201d95a836c1a2bff60665590f8.jpg, 0, 0, 0, 0, 1
Training_Video_Jimmy-Kimmel-Jake-Johnson_mp4-0056_jpg.rf.c454afce2034fa0e8ad448a9f8c85bff.jpg, 0, 0, 1, 0, 0
Training_Video_Jimmy-Kimmel-Jake-Johnson_mp4-0052_jpg.rf.c42822a6c337632ecb971513fbc1918e.jpg, 0, 0, 1, 0, 0
Training_Video_Jimmy-Kimmel-Jake-Johnson_mp4-0093_jpg.rf.c5bbd857463d588b0478db961f7f3cbf.jpg, 0, 1, 0, 0, 0
Training_Video_Jimmy-Kimmel-Jake-Johnson_mp4-0037_jpg.rf.c012897f803c4f6c590ef05a5ce5933e.jpg, 0, 0, 1, 0, 0
Training_Video_Jimmy-Kimmel-Jake-Johnson_mp4-0106_jpg.rf.c34fb18b28d2772cba55e2574c5209de.jpg, 0, 0, 1, 0, 0
Training_Video_Jimmy-Kimmel-Jake-Johnson_mp4-0102_jpg.rf.c4e901fd0f392e15348d45bcae7a6c88.jpg, 0, 0, 1, 0, 0
Training_Video_Jimmy-Kimmel-Jake-Johnson_mp4-2873_jpg.rf.c55d1ffb9630ad85d856e2e7386b7ef8.jpg, 0, 1, 0, 1, 0
Training_Video_Jimmy-Kimmel-Jake-Johnson_mp4-0054_jpg.rf.c32081c37d1d94099c0c1b2e76647763.jpg, 0, 0, 1, 0, 0
Training_Video_Jimmy-Kimmel-Jake-Johnson_mp4-0492_jpg.rf.c628c548a9d3d447fa925cabe9180517.jpg, 1, 0, 0, 0, 0
Training_Video_Jimmy-Kimmel-Jake-Johnson_mp4-0134_jpg.rf.c5d7e0d93b6f5d04c0bb7fa627080564.jpg, 0, 1, 0, 0, 0
Training_Video_Jimmy-Kimmel-Jake-Johnson_mp4-0294_jpg.rf.c53be18e84f3d48790964882e46b720d.jpg, 1, 0, 0, 0, 0
Training_Video_Jimmy-Kimmel-Jake-Johnson_mp4-0157_jpg.rf.bede18b6e1a80d2fc52581f1cd1935ba.jpg, 0, 1, 0, 0, 0
Training_Video_Jimmy-Kimmel-Jake-Johnson_mp4-0092_jpg.rf.c69c20f3d5204db527addd1e85ecebff.jpg, 0, 0, 1, 0, 0
Training_Video_Jimmy-Kimmel-Jake-Johnson_mp4-0148_jpg.rf.c69a17515e095e044515accb9d75a2a0.jpg, 0, 1, 0, 0, 0
Training_Video_Jimmy-Kimmel-Jake-Johnson_mp4-0111_jpg.rf.c7b6e4af79ee2d340139578da3700fa4.jpg, 0, 0, 1, 0, 0
Training_Video_Jimmy-Kimmel-Jake-Johnson_mp4-0144_jpg.rf.c8d2a579101572fb2f2ddd99b853a60f.jpg, 0, 1, 0, 0, 0
Training_Video_Jimmy-Kimmel-Jake-Johnson_mp4-0027_jpg.rf.c8cf8d32c94fb4ae7923caec40966022.jpg, 0, 0, 1, 0, 0
Training_Video_Jimmy-Kimmel-Jake-Johnson_mp4-0069_jpg.rf.c739d9052701968a2ca96d7f3d65f1b9.jpg, 0, 0, 1, 0, 0
Training_Video_Jimmy-Kimmel-Jake-Johnson_mp4-0054_jpg.rf.c81355f79e850595c4d95af0f3b908a3.jpg, 0, 0, 1, 0, 0
Training_Video_Jimmy-Kimmel-Jake-Johnson_mp4-0056_jpg.rf.c6a464f7cad0790bc104c5e91c13a837.jpg, 0, 0, 1, 0, 0
Training_Video_Jimmy-Kimmel-Jake-Johnson_mp4-0177_jpg.rf.ca31213f9106e8203b85df470a61768a.jpg, 0, 1, 0, 0, 0
Training_Video_Jimmy-Kimmel-Jake-Johnson_mp4-0049_jpg.rf.c99016db81c1d4bb743604bef7e6a9c9.jpg, 0, 0, 1, 0, 0
Training_Video_Jimmy-Kimmel-Jake-Johnson_mp4-0002_jpg.rf.c9fb1e280fafbfab032a1da92e44db61.jpg, 0, 0, 1, 0, 0
Training_Video_Jimmy-Kimmel-Jake-Johnson_mp4-0494_jpg.rf.d1457ddf2955e1138042cf40c6f895b2.jpg, 1, 0, 0, 0, 0
Training_Video_Jimmy-Kimmel-Jake-Johnson_mp4-0044_jpg.rf.c96bf9f66549fc1ea42d6a769f558a4e.jpg, 0, 0, 1, 0, 0
Training_Video_Jimmy-Kimmel-Jake-Johnson_mp4-0274_jpg.rf.c7eb3585101f39f24093271d6ef63ae5.jpg, 0, 1, 0, 1, 0
Training_Video_Jimmy-Kimmel-Jake-Johnson_mp4-0186_jpg.rf.cf7abcbc455fac0fb3e65c94d7943b96.jpg, 0, 1, 0, 1, 0
Training_Video_Jimmy-Kimmel-Jake-Johnson_mp4-0066_jpg.rf.c865ebb82177b5b589e17ee19bcaadca.jpg, 0, 0, 1, 0, 0
Training_Video_Jimmy-Kimmel-Jake-Johnson_mp4-2873_jpg.rf.d083487ddff54d6a731805f881c3b398.jpg, 0, 1, 0, 1, 0
Training_Video_Jimmy-Kimmel-Jake-Johnson_mp4-0102_jpg.rf.ce848f311c846f65ea19cb6f59cc5dcc.jpg, 0, 1, 0, 0, 0
Training_Video_Jimmy-Kimmel-Jake-Johnson_mp4-0231_jpg.rf.cdb226dd74450b14151e5e251b728c80.jpg, 0, 1, 0, 1, 0
Training_Video_Jimmy-Kimmel-Jake-Johnson_mp4-0511_jpg.rf.d0996d920aaf6b6105fcad274b963281.jpg, 1, 0, 0, 0, 0
Training_Video_Jimmy-Kimmel-Jake-Johnson_mp4-0138_jpg.rf.ca52ca57aeeea8e704b14f65d90af7e6.jpg, 0, 1, 0, 0, 0
Training_Video_Jimmy-Kimmel-Jake-Johnson_mp4-5481_jpg.rf.cd20683ae80fd8f953e5875f7d51d4e3.jpg, 0, 1, 0, 1, 0
Training_Video_Jimmy-Kimmel-Jake-Johnson_mp4-0092_jpg.rf.cf50e9b9de6d729afa41ded3cc6c9921.jpg, 0, 0, 1, 0, 0
Training_Video_Jimmy-Kimmel-Jake-Johnson_mp4-0052_jpg.rf.d044706e777d6b3ef46e92926aa9286a.jpg, 0, 0, 1, 0, 0
Training_Video_Jimmy-Kimmel-Jake-Johnson_mp4-0137_jpg.rf.c81b3aa5455f24d2518bea3c01096ee0.jpg, 0, 1, 0, 0, 0
Training_Video_Jimmy-Kimmel-Jake-Johnson_mp4-0069_jpg.rf.d231054e6533dab5e4253b6b946572a4.jpg, 0, 0, 1, 0, 0
Training_Video_Jimmy-Kimmel-Jake-Johnson_mp4-0066_jpg.rf.d23a41411c8398848798d3a9b5083024.jpg, 0, 0, 1, 0, 0
Training_Video_Jimmy-Kimmel-Jake-Johnson_mp4-0159_jpg.rf.d7baf1a24d3b1e52701508ca431e9b63.jpg, 0, 1, 0, 0, 0
Training_Video_Jimmy-Kimmel-Jake-Johnson_mp4-0142_jpg.rf.d38a2265ab42fc914d401958f85d14bc.jpg, 0, 1, 0, 0, 0
Training_Video_Jimmy-Kimmel-Jake-Johnson_mp4-2876_jpg.rf.d4fb5c88493d1160241d88aa058f9cba.jpg, 0, 1, 0, 1, 1
Training_Video_Jimmy-Kimmel-Jake-Johnson_mp4-2883_jpg.rf.d9250643d6c089a3663239b01e7c5401.jpg, 0, 0, 0, 0, 1
Training_Video_Jimmy-Kimmel-Jake-Johnson_mp4-0274_jpg.rf.d4cfaefbdf0464b75834a7709f7eeb55.jpg, 0, 1, 0, 1, 0
Training_Video_Jimmy-Kimmel-Jake-Johnson_mp4-0013_jpg.rf.d77c902bc780cbdb002ddd5c0277f2ab.jpg, 0, 0, 1, 0, 0
Training_Video_Jimmy-Kimmel-Jake-Johnson_mp4-0107_jpg.rf.d7bf28c205f45bd884a6f9d95aa09796.jpg, 0, 0, 1, 0, 0
Training_Video_Jimmy-Kimmel-Jake-Johnson_mp4-0019_jpg.rf.d7670587d9aff69b9da44c92f6d400ef.jpg, 0, 0, 0, 0, 0
Training_Video_Jimmy-Kimmel-Jake-Johnson_mp4-0467_jpg.rf.d3b8773047518c004429daaaad3ee220.jpg, 1, 0, 0, 0, 0
Training_Video_Jimmy-Kimmel-Jake-Johnson_mp4-0099_jpg.rf.d5ca55fd1ce0a8f81247108c70b2f98d.jpg, 0, 0, 1, 0, 0
Training_Video_Jimmy-Kimmel-Jake-Johnson_mp4-0023_jpg.rf.d7c551624f3a93067b20274e8b52cfa6.jpg, 0, 0, 1, 0, 0
Training_Video_Jimmy-Kimmel-Jake-Johnson_mp4-5481_jpg.rf.d4f182258e0101359390f31cef36ce7d.jpg, 0, 1, 0, 1, 0
Training_Video_Jimmy-Kimmel-Jake-Johnson_mp4-0042_jpg.rf.d2b950354f79af5891f9cfc8ed8cc0be.jpg, 0, 0, 1, 0, 0
Training_Video_Jimmy-Kimmel-Jake-Johnson_mp4-0003_jpg.rf.d395cdd304ab0f924bf93deb3cc8d84f.jpg, 0, 0, 1, 0, 0
Training_Video_Jimmy-Kimmel-Jake-Johnson_mp4-0186_jpg.rf.d5c64d7ac3fce1e66e9416298e299fa4.jpg, 0, 1, 0, 1, 0
Training_Video_Jimmy-Kimmel-Jake-Johnson_mp4-0258_jpg.rf.d760b2c6c5006441ad41f6e8e2a8b781.jpg, 0, 1, 0, 1, 0
Training_Video_Jimmy-Kimmel-Jake-Johnson_mp4-0107_jpg.rf.d995c149b3d1d8835e46f659324cef8c.jpg, 0, 0, 1, 0, 0
Training_Video_Jimmy-Kimmel-Jake-Johnson_mp4-0263_jpg.rf.d8f439ed3c2275304fd4f301f8abc2df.jpg, 0, 1, 0, 1, 0
Training_Video_Jimmy-Kimmel-Jake-Johnson_mp4-0161_jpg.rf.d464e84e74be9af7662d35bd3b4a0f93.jpg, 0, 1, 0, 0, 0
Training_Video_Jimmy-Kimmel-Jake-Johnson_mp4-0426_jpg.rf.d66fe579ba540f848d2b0ad3aa684c23.jpg, 0, 1, 0, 1, 0
Training_Video_Jimmy-Kimmel-Jake-Johnson_mp4-0104_jpg.rf.d7c64f6b780a3add49c373f7e051dba2.jpg, 0, 0, 1, 0, 0
Training_Video_Jimmy-Kimmel-Jake-Johnson_mp4-0276_jpg.rf.d9b4f0aec8184cfa0958eac489af5e46.jpg, 0, 1, 0, 1, 0
Training_Video_Jimmy-Kimmel-Jake-Johnson_mp4-0081_jpg.rf.d6f7e82b1c024b227ed48ef43f3e3d2f.jpg, 0, 1, 0, 0, 0
Training_Video_Jimmy-Kimmel-Jake-Johnson_mp4-0312_jpg.rf.d72cf9028e8d0e20ebe7a398483528c3.jpg, 0, 1, 0, 1, 0
Training_Video_Jimmy-Kimmel-Jake-Johnson_mp4-0041_jpg.rf.d6eedf51f09e2d3cf78e0bd7ed8811d5.jpg, 0, 0, 1, 0, 0
Training_Video_Jimmy-Kimmel-Jake-Johnson_mp4-0554_jpg.rf.da335130ee168583b1525a524db2a38d.jpg, 1, 0, 0, 0, 0
Training_Video_Jimmy-Kimmel-Jake-Johnson_mp4-0514_jpg.rf.db0d74d648048926e20d9919f2113e6a.jpg, 1, 0, 0, 0, 0
Training_Video_Jimmy-Kimmel-Jake-Johnson_mp4-0091_jpg.rf.de2e5a57ae9fc18aa609e63cf8769811.jpg, 0, 0, 1, 0, 0
Training_Video_Jimmy-Kimmel-Jake-Johnson_mp4-0167_jpg.rf.dd00b6b2fd64bae84b8327c8067b4935.jpg, 0, 1, 0, 0, 0
Training_Video_Jimmy-Kimmel-Jake-Johnson_mp4-0041_jpg.rf.de4fc0c0424a29fa8d54c4927aee04be.jpg, 0, 0, 1, 0, 0
Training_Video_Jimmy-Kimmel-Jake-Johnson_mp4-0083_jpg.rf.db0bbede3f6af8431a651f5a1a527de3.jpg, 0, 0, 1, 0, 0
Training_Video_Jimmy-Kimmel-Jake-Johnson_mp4-0168_jpg.rf.e36f5680d99552ca1b053d80ed7ce877.jpg, 0, 1, 0, 0, 0
Training_Video_Jimmy-Kimmel-Jake-Johnson_mp4-0386_jpg.rf.dc8ef11f9809f3be1dc553d498ee2d50.jpg, 0, 1, 0, 1, 0
Training_Video_Jimmy-Kimmel-Jake-Johnson_mp4-0294_jpg.rf.dcc1107d5bae545c170f07af0aed5cbf.jpg, 1, 0, 0, 0, 0
Training_Video_Jimmy-Kimmel-Jake-Johnson_mp4-0108_jpg.rf.e25de39e0530e02d7843f651e0b691d4.jpg, 0, 0, 1, 0, 0
Training_Video_Jimmy-Kimmel-Jake-Johnson_mp4-0133_jpg.rf.dd07435741c31bf87eca40fc0a02be45.jpg, 0, 1, 0, 0, 0
Training_Video_Jimmy-Kimmel-Jake-Johnson_mp4-0039_jpg.rf.df44b04473374692df9ebf467c93f263.jpg, 0, 0, 1, 0, 0
Training_Video_Jimmy-Kimmel-Jake-Johnson_mp4-0436_jpg.rf.e1191cfc4a0004c73274dc5f30b724b8.jpg, 0, 1, 0, 1, 0
Training_Video_Jimmy-Kimmel-Jake-Johnson_mp4-0054_jpg.rf.da62ff2a39bf6422f2f654ed87fc8d58.jpg, 0, 0, 1, 0, 0
Training_Video_Jimmy-Kimmel-Jake-Johnson_mp4-0064_jpg.rf.dc404714d035f77cc9f9ce6c84a60dad.jpg, 0, 0, 1, 0, 0
Training_Video_Jimmy-Kimmel-Jake-Johnson_mp4-0276_jpg.rf.dfdb056d6a0fc65693268aee83431a50.jpg, 0, 1, 0, 1, 0
Training_Video_Jimmy-Kimmel-Jake-Johnson_mp4-0008_jpg.rf.db2d01b20ada1d4f6e100a0a93aff15d.jpg, 0, 0, 1, 0, 0
Training_Video_Jimmy-Kimmel-Jake-Johnson_mp4-0183_jpg.rf.ddb488d1de081ccd2e15d81f937ce590.jpg, 0, 1, 0, 1, 0
Training_Video_Jimmy-Kimmel-Jake-Johnson_mp4-0147_jpg.rf.e433aace6499272c8cac26bff9adbf61.jpg, 0, 1, 0, 0, 0
Training_Video_Jimmy-Kimmel-Jake-Johnson_mp4-0001_jpg.rf.de82b85d3a68cfc51b4206ffa23e5031.jpg, 0, 0, 1, 0, 0
Training_Video_Jimmy-Kimmel-Jake-Johnson_mp4-0156_jpg.rf.da3c991e2ee34757215ddf5ee3f64d29.jpg, 0, 1, 0, 0, 0
Training_Video_Jimmy-Kimmel-Jake-Johnson_mp4-0174_jpg.rf.da870d5edcb0363a2b79c7b3be630bc8.jpg, 0, 1, 0, 0, 0
Training_Video_Jimmy-Kimmel-Jake-Johnson_mp4-0168_jpg.rf.e30b870d0b5970c5ffeebf2128d60dc4.jpg, 0, 1, 0, 0, 0
Training_Video_Jimmy-Kimmel-Jake-Johnson_mp4-0434_jpg.rf.e057c89e4a26d678854c32bd10b874c9.jpg, 0, 1, 0, 1, 0
Training_Video_Jimmy-Kimmel-Jake-Johnson_mp4-0008_jpg.rf.e61b4e3f5f94d897206e41f817cd15c3.jpg, 0, 0, 1, 0, 0
Training_Video_Jimmy-Kimmel-Jake-Johnson_mp4-0137_jpg.rf.e6563c1a0def30c20a1cccd252b00100.jpg, 0, 1, 0, 0, 0
Training_Video_Jimmy-Kimmel-Jake-Johnson_mp4-0463_jpg.rf.e20bdee3270e7bfbc636f662bc2617f5.jpg, 1, 0, 0, 0, 0
Training_Video_Jimmy-Kimmel-Jake-Johnson_mp4-0267_jpg.rf.e64f8a264f7966cb3893f13e4c3cb89f.jpg, 0, 1, 0, 1, 0
Training_Video_Jimmy-Kimmel-Jake-Johnson_mp4-0267_jpg.rf.e57fa292a34d44ca4cae53c5cd8ca5df.jpg, 0, 1, 0, 1, 0
Training_Video_Jimmy-Kimmel-Jake-Johnson_mp4-0172_jpg.rf.e5c58de2413aad1a77c163038d8ffbf1.jpg, 0, 1, 0, 0, 0
Training_Video_Jimmy-Kimmel-Jake-Johnson_mp4-0062_jpg.rf.e4fcf92ca632024df17fa166baa2f468.jpg, 0, 0, 1, 0, 0
Training_Video_Jimmy-Kimmel-Jake-Johnson_mp4-0428_jpg.rf.e6ce2a2d051dc9d9284784403653351e.jpg, 0, 1, 0, 1, 0
Training_Video_Jimmy-Kimmel-Jake-Johnson_mp4-0491_jpg.rf.e7272e46a434aea02e9d8df54e5f5a16.jpg, 1, 0, 0, 0, 0
Training_Video_Jimmy-Kimmel-Jake-Johnson_mp4-0087_jpg.rf.eb8e1ab24f225efd05cd67e164ac8194.jpg, 0, 1, 0, 0, 0
Training_Video_Jimmy-Kimmel-Jake-Johnson_mp4-0142_jpg.rf.e72395d4df87725a87b40b6c39bb7088.jpg, 0, 1, 0, 0, 0
Training_Video_Jimmy-Kimmel-Jake-Johnson_mp4-0508_jpg.rf.ee1bf34b30f0cd7ffa6cb15c1f4cb981.jpg, 1, 0, 0, 0, 0
Training_Video_Jimmy-Kimmel-Jake-Johnson_mp4-0434_jpg.rf.e7316fb53174b6a90691b3d7ec2205b3.jpg, 0, 1, 0, 1, 0
Training_Video_Jimmy-Kimmel-Jake-Johnson_mp4-0043_jpg.rf.e6634b540c7f041dbaaf9905bfc3794d.jpg, 0, 0, 1, 0, 0
Training_Video_Jimmy-Kimmel-Jake-Johnson_mp4-0386_jpg.rf.e9bae5e243b87196121fe56ca134b224.jpg, 0, 1, 0, 1, 0
Training_Video_Jimmy-Kimmel-Jake-Johnson_mp4-0076_jpg.rf.e7fd58fc5365069f2945758709082bff.jpg, 0, 0, 1, 0, 0
Training_Video_Jimmy-Kimmel-Jake-Johnson_mp4-0168_jpg.rf.e6a745cdedc5fed71923ef8024f8e389.jpg, 0, 1, 0, 0, 0
Training_Video_Jimmy-Kimmel-Jake-Johnson_mp4-0264_jpg.rf.e9032b29effdf183782f7bc0a315d8df.jpg, 0, 1, 0, 1, 0
Training_Video_Jimmy-Kimmel-Jake-Johnson_mp4-0024_jpg.rf.e8cb85b0032ced9fe591c4f52965e0cf.jpg, 0, 0, 1, 0, 0
Training_Video_Jimmy-Kimmel-Jake-Johnson_mp4-0032_jpg.rf.ed87fd4bb18291d1efd161827b966a6c.jpg, 0, 0, 1, 0, 0
Training_Video_Jimmy-Kimmel-Jake-Johnson_mp4-0144_jpg.rf.edd4abaac8909759f77ac1db36486bf4.jpg, 0, 1, 0, 0, 0
Training_Video_Jimmy-Kimmel-Jake-Johnson_mp4-0648_jpg.rf.eaeff839f6e42d37d1426549ef9b713a.jpg, 0, 1, 0, 1, 0
Training_Video_Jimmy-Kimmel-Jake-Johnson_mp4-0015_jpg.rf.ed8f0a6949a1a64883fa0d65e11a15e3.jpg, 0, 0, 1, 0, 0
Training_Video_Jimmy-Kimmel-Jake-Johnson_mp4-0153_jpg.rf.ec733123d54a8cae598295bc67b71d7c.jpg, 0, 1, 0, 0, 0
Training_Video_Jimmy-Kimmel-Jake-Johnson_mp4-0039_jpg.rf.f003fa68ebbf5918ebf8dc0550c17927.jpg, 0, 0, 1, 0, 0
Training_Video_Jimmy-Kimmel-Jake-Johnson_mp4-0529_jpg.rf.eed8fc791a9a3699baa6f49e99e07258.jpg, 0, 1, 0, 1, 0
Training_Video_Jimmy-Kimmel-Jake-Johnson_mp4-0111_jpg.rf.f02b85ff52987ea3d8a772a9de5da40e.jpg, 0, 1, 0, 1, 0
Training_Video_Jimmy-Kimmel-Jake-Johnson_mp4-0501_jpg.rf.efa7ee9ffb849cf632ca7457665ab34e.jpg, 1, 0, 0, 0, 0
Training_Video_Jimmy-Kimmel-Jake-Johnson_mp4-0166_jpg.rf.efd2fc5f60bdc187e55b74db9c83cc77.jpg, 0, 1, 0, 0, 0
Training_Video_Jimmy-Kimmel-Jake-Johnson_mp4-0141_jpg.rf.efce0163401998dc157ea3ca9834e65c.jpg, 0, 1, 0, 0, 0
Training_Video_Jimmy-Kimmel-Jake-Johnson_mp4-0063_jpg.rf.f0c34217000ca125f839a57a399ebc2b.jpg, 0, 0, 1, 0, 0
Training_Video_Jimmy-Kimmel-Jake-Johnson_mp4-0142_jpg.rf.f0b6ba8aac2777a20016f76312aab6c0.jpg, 0, 1, 0, 0, 0
Training_Video_Jimmy-Kimmel-Jake-Johnson_mp4-0102_jpg.rf.e759cc23db801d44c0ecd5660e35eac0.jpg, 0, 1, 0, 0, 0
Training_Video_Jimmy-Kimmel-Jake-Johnson_mp4-0196_jpg.rf.f38a8dabf8285525033f7ea3c396dc14.jpg, 0, 1, 0, 1, 0
Training_Video_Jimmy-Kimmel-Jake-Johnson_mp4-0029_jpg.rf.f19ebd13d105c82fea2567a05090bc2f.jpg, 0, 0, 1, 0, 0
Training_Video_Jimmy-Kimmel-Jake-Johnson_mp4-0164_jpg.rf.f1403cc9421f54b712d62b85c5513941.jpg, 0, 1, 0, 0, 0
Training_Video_Jimmy-Kimmel-Jake-Johnson_mp4-0652_jpg.rf.f1fc6be55d6adbe741faa7fc446627f4.jpg, 0, 1, 0, 1, 0
Training_Video_Jimmy-Kimmel-Jake-Johnson_mp4-0507_jpg.rf.f487a528379ba72c37e7cfd853ab69b6.jpg, 1, 0, 0, 0, 0
Training_Video_Jimmy-Kimmel-Jake-Johnson_mp4-0149_jpg.rf.f73e4beaf730dbd8500fa78e7028e8ab.jpg, 0, 1, 0, 0, 0
Training_Video_Jimmy-Kimmel-Jake-Johnson_mp4-0461_jpg.rf.f0e2016a5ad05f5e809deba7e51f2c3b.jpg, 1, 0, 0, 0, 0
Training_Video_Jimmy-Kimmel-Jake-Johnson_mp4-0274_jpg.rf.f85cceeb88c2fd6e6f4b38958545a2b4.jpg, 0, 1, 0, 1, 0
Training_Video_Jimmy-Kimmel-Jake-Johnson_mp4-0007_jpg.rf.f4ddd2ae95be2eaf27127ff26a93a758.jpg, 0, 0, 0, 0, 0
Training_Video_Jimmy-Kimmel-Jake-Johnson_mp4-0048_jpg.rf.f774ac43c5d4d0c59c36835766dcfcc8.jpg, 0, 0, 1, 0, 0
Training_Video_Jimmy-Kimmel-Jake-Johnson_mp4-0519_jpg.rf.f7893c6fb1694f1cfcc9665a15664cf3.jpg, 0, 1, 0, 1, 0
Training_Video_Jimmy-Kimmel-Jake-Johnson_mp4-0312_jpg.rf.f8f04e3001274f16d6129bf56a645f7d.jpg, 0, 1, 0, 1, 0
Training_Video_Jimmy-Kimmel-Jake-Johnson_mp4-0102_jpg.rf.f9e2ed0d86469ac9ed87c35b2e40ed87.jpg, 0, 0, 1, 0, 0
Training_Video_Jimmy-Kimmel-Jake-Johnson_mp4-0000_jpg.rf.fb8c5fb4576e1b236097e33b0d36c394.jpg, 0, 0, 1, 0, 0
Training_Video_Jimmy-Kimmel-Jake-Johnson_mp4-0463_jpg.rf.f938e0b2d7a6cea97fd6ff98bdfacfcb.jpg, 1, 0, 0, 0, 0
Training_Video_Jimmy-Kimmel-Jake-Johnson_mp4-0054_jpg.rf.f8a1048c6199e6ac977d734fd5fa3d83.jpg, 0, 0, 1, 0, 0
Training_Video_Jimmy-Kimmel-Jake-Johnson_mp4-0138_jpg.rf.fb8b3f127dbc81946997687c5502098d.jpg, 0, 1, 0, 0, 0
Training_Video_Jimmy-Kimmel-Jake-Johnson_mp4-0273_jpg.rf.fbbc6ec6104c3c2f3d120131b0b67173.jpg, 0, 1, 0, 1, 0
Training_Video_Jimmy-Kimmel-Jake-Johnson_mp4-0509_jpg.rf.fe8e72c48716372dce52c255c6ac0c03.jpg, 1, 0, 0, 0, 0
Training_Video_Jimmy-Kimmel-Jake-Johnson_mp4-0557_jpg.rf.f92848df54c08887102450829590fb96.jpg, 1, 0, 0, 0, 0
Training_Video_Jimmy-Kimmel-Jake-Johnson_mp4-0179_jpg.rf.ffe1ed16a94e443e70d62d41b39a40a2.jpg, 0, 1, 0, 1, 0
Training_Video_Jimmy-Kimmel-Jake-Johnson_mp4-0177_jpg.rf.fe1c4b9e5f913d9cd6317a276b1d34cf.jpg, 0, 1, 0, 0, 0
Training_Video_Jimmy-Kimmel-Jake-Johnson_mp4-0136_jpg.rf.f8d726ec1841f906c71a7aaf4db5f5b5.jpg, 0, 1, 0, 0, 0
Training_Video_Jimmy-Kimmel-Jake-Johnson_mp4-2882_jpg.rf.fe9209242e5ac0c0f82ee8fadac7579e.jpg, 0, 0, 0, 0, 1
Training_Video_Jimmy-Kimmel-Jake-Johnson_mp4-0441_jpg.rf.fef61f82fb9f735921399f1cd419352e.jpg, 0, 1, 0, 1, 0
Training_Video_Jimmy-Kimmel-Jake-Johnson_mp4-0146_jpg.rf.feed88050aba41fa122527023eb1c5f8.jpg, 0, 1, 0, 0, 0
Training_Video_Jimmy-Kimmel-Jake-Johnson_mp4-0163_jpg.rf.fdec21b8cb0288231ab9e0fc0f4761b3.jpg, 0, 1, 0, 0, 0
Training_Video_Jimmy-Kimmel-Jake-Johnson_mp4-0557_jpg.rf.ff9da7a11a4e03e4ae2daa1992a6f1e6.jpg, 1, 0, 0, 0, 0
Training_Video_Jimmy-Kimmel-Jake-Johnson_mp4-0457_jpg.rf.000bb207b9cf954f5018ba4479d3a5f5.jpg, 1, 0, 0, 0, 0
Training_Video_Jimmy-Kimmel-Jake-Johnson_mp4-0012_jpg.rf.013daba5d9deacd917420145a3b1dff1.jpg, 0, 0, 0, 0, 0
Training_Video_Jimmy-Kimmel-Jake-Johnson_mp4-0052_jpg.rf.014837695db234e753268977b7b41a8b.jpg, 0, 0, 1, 0, 0
Training_Video_Jimmy-Kimmel-Jake-Johnson_mp4-2883_jpg.rf.0194c00772380d1f740e03d67b6d303f.jpg, 0, 0, 0, 0, 1
Training_Video_Jimmy-Kimmel-Jake-Johnson_mp4-0002_jpg.rf.02268187dc8fe56bf51c6a9711c71694.jpg, 0, 0, 1, 0, 0
Training_Video_Jimmy-Kimmel-Jake-Johnson_mp4-0099_jpg.rf.02afd623bc85cea8690698b44d54af2b.jpg, 0, 1, 0, 0, 0
Training_Video_Jimmy-Kimmel-Jake-Johnson_mp4-0013_jpg.rf.03c2e91308531b29264f78251adc95ee.jpg, 0, 0, 1, 0, 0
Training_Video_Jimmy-Kimmel-Jake-Johnson_mp4-0389_jpg.rf.06fa97f2855371ae58a049a86351ae32.jpg, 0, 1, 0, 1, 0
Training_Video_Jimmy-Kimmel-Jake-Johnson_mp4-0004_jpg.rf.098a90d7536b500a65da1d92f3045482.jpg, 0, 0, 1, 0, 0
Training_Video_Jimmy-Kimmel-Jake-Johnson_mp4-0444_jpg.rf.0429d34ba9e47421724ba47803e4af27.jpg, 0, 1, 0, 1, 0
Training_Video_Jimmy-Kimmel-Jake-Johnson_mp4-0156_jpg.rf.0befb0903614fc08833b4954f4496421.jpg, 0, 1, 0, 0, 0
Training_Video_Jimmy-Kimmel-Jake-Johnson_mp4-0183_jpg.rf.09a2de88cc697663f07e7fcbcaf0ab46.jpg, 0, 1, 0, 1, 0
Training_Video_Jimmy-Kimmel-Jake-Johnson_mp4-0063_jpg.rf.07cb446b73a6a858dc1263f377768ca1.jpg, 0, 0, 1, 0, 0
Training_Video_Jimmy-Kimmel-Jake-Johnson_mp4-2884_jpg.rf.06a57c63b51d72e62a6ebf81ebdb112f.jpg, 0, 0, 0, 0, 1
Training_Video_Jimmy-Kimmel-Jake-Johnson_mp4-0084_jpg.rf.06563e5b50c1535feee45048fdf4024a.jpg, 0, 1, 0, 0, 0
Training_Video_Jimmy-Kimmel-Jake-Johnson_mp4-0111_jpg.rf.054102c65272b18ada145c1e81ca80f2.jpg, 0, 0, 1, 0, 0
Training_Video_Jimmy-Kimmel-Jake-Johnson_mp4-0073_jpg.rf.0952d3a17030b3485596706d3e02fced.jpg, 0, 0, 1, 0, 0
Training_Video_Jimmy-Kimmel-Jake-Johnson_mp4-0107_jpg.rf.0e0dbd259839f0b143e6365c6516f609.jpg, 0, 0, 1, 0, 0
Training_Video_Jimmy-Kimmel-Jake-Johnson_mp4-2872_jpg.rf.0cdda044da1a5fc2e8bc9cbd97d95bc1.jpg, 0, 1, 0, 1, 1
Training_Video_Jimmy-Kimmel-Jake-Johnson_mp4-0554_jpg.rf.0a03a025765ec6c0d3803f352665f002.jpg, 1, 0, 0, 0, 0
Training_Video_Jimmy-Kimmel-Jake-Johnson_mp4-0427_jpg.rf.0673b2a542bce3a9528b90362291d454.jpg, 0, 1, 0, 1, 0
Training_Video_Jimmy-Kimmel-Jake-Johnson_mp4-0012_jpg.rf.0673ad356480e427a07540594e29c01f.jpg, 0, 0, 1, 0, 0
Training_Video_Jimmy-Kimmel-Jake-Johnson_mp4-0111_jpg.rf.0d8154fa480e17461e54d3e958ee5cb9.jpg, 0, 1, 0, 1, 0
Training_Video_Jimmy-Kimmel-Jake-Johnson_mp4-0087_jpg.rf.0c4b4190b717482cbfd020972effe733.jpg, 0, 1, 0, 0, 0
Training_Video_Jimmy-Kimmel-Jake-Johnson_mp4-0499_jpg.rf.08042d9f62b1614091eb1175253634f6.jpg, 1, 0, 0, 0, 0
Training_Video_Jimmy-Kimmel-Jake-Johnson_mp4-0031_jpg.rf.0871e13f9d27a6121c4c4c9faaa16d2e.jpg, 0, 0, 1, 0, 0
Training_Video_Jimmy-Kimmel-Jake-Johnson_mp4-0003_jpg.rf.0f03759bb67455587494e440639b5a50.jpg, 0, 0, 1, 0, 0
Training_Video_Jimmy-Kimmel-Jake-Johnson_mp4-0057_jpg.rf.059f2e4a3c594361b4a8470e6d7bdbe7.jpg, 0, 0, 1, 0, 0
Training_Video_Jimmy-Kimmel-Jake-Johnson_mp4-0303_jpg.rf.0762f73856da14dee4d02310c5ab3895.jpg, 1, 0, 0, 0, 0
Training_Video_Jimmy-Kimmel-Jake-Johnson_mp4-0390_jpg.rf.0f04e5bbce33c9736526e8bfb0dce5b9.jpg, 0, 1, 0, 1, 0
Training_Video_Jimmy-Kimmel-Jake-Johnson_mp4-2879_jpg.rf.0d4b5da917d292ac365b8585a8ea1675.jpg, 0, 0, 0, 0, 1
Training_Video_Jimmy-Kimmel-Jake-Johnson_mp4-0652_jpg.rf.1292ef28b765f1296be2145d49c13aa8.jpg, 0, 1, 0, 1, 0
Training_Video_Jimmy-Kimmel-Jake-Johnson_mp4-0427_jpg.rf.11d72f9604454b3a2649addd753b8d5a.jpg, 0, 1, 0, 1, 0
Training_Video_Jimmy-Kimmel-Jake-Johnson_mp4-0147_jpg.rf.11931a156c33663c0c975a23d4006d4c.jpg, 0, 1, 0, 0, 0
Training_Video_Jimmy-Kimmel-Jake-Johnson_mp4-0084_jpg.rf.142328257157fe1cea4022322ab180d1.jpg, 0, 0, 1, 0, 0
Training_Video_Jimmy-Kimmel-Jake-Johnson_mp4-0001_jpg.rf.1687fc1c926158ab55bf7aae3c6c4d15.jpg, 0, 0, 1, 0, 0
Training_Video_Jimmy-Kimmel-Jake-Johnson_mp4-0111_jpg.rf.1a4eaa233fc63dbf7b785f1532525da3.jpg, 0, 0, 1, 0, 0
Training_Video_Jimmy-Kimmel-Jake-Johnson_mp4-2879_jpg.rf.143a032eb98b8619a582da112b98e0ed.jpg, 0, 0, 0, 0, 1
Training_Video_Jimmy-Kimmel-Jake-Johnson_mp4-2874_jpg.rf.139e3fc8e38e227c91a988af8c3ed998.jpg, 0, 1, 0, 1, 1
Training_Video_Jimmy-Kimmel-Jake-Johnson_mp4-0053_jpg.rf.18271fe9d1b1faac38b5445d6554cdee.jpg, 0, 0, 1, 0, 0
Training_Video_Jimmy-Kimmel-Jake-Johnson_mp4-0063_jpg.rf.1a7a35ece14627d1ea515a522d8ca903.jpg, 0, 0, 1, 0, 0
Training_Video_Jimmy-Kimmel-Jake-Johnson_mp4-0144_jpg.rf.1ba096f7ade378a6e46318baa73b93d5.jpg, 0, 1, 0, 0, 0
Training_Video_Jimmy-Kimmel-Jake-Johnson_mp4-0045_jpg.rf.193c59e7755096f71f26131d06f17536.jpg, 0, 0, 1, 0, 0
Training_Video_Jimmy-Kimmel-Jake-Johnson_mp4-0078_jpg.rf.1423108779f2660a37e7918166fc16ab.jpg, 0, 0, 1, 0, 0
Training_Video_Jimmy-Kimmel-Jake-Johnson_mp4-0501_jpg.rf.186374df9e793d35ed9bcca00acf3e60.jpg, 1, 0, 0, 0, 0
Training_Video_Jimmy-Kimmel-Jake-Johnson_mp4-0017_jpg.rf.190a66554bde37d85503e165cff928e7.jpg, 0, 0, 0, 0, 0
Training_Video_Jimmy-Kimmel-Jake-Johnson_mp4-2874_jpg.rf.1092af985cbbea57aa6fed9832745426.jpg, 0, 1, 0, 1, 1
Training_Video_Jimmy-Kimmel-Jake-Johnson_mp4-0436_jpg.rf.16d8cdd25ff999c574d42c18a87336f0.jpg, 0, 1, 0, 1, 0
Training_Video_Jimmy-Kimmel-Jake-Johnson_mp4-0641_jpg.rf.1302bd9d8cee3df5b3d3c286b795f430.jpg, 0, 1, 0, 1, 0
Training_Video_Jimmy-Kimmel-Jake-Johnson_mp4-0441_jpg.rf.126ce983d42649f4b7cda5b8b67edf60.jpg, 0, 1, 0, 1, 0
Training_Video_Jimmy-Kimmel-Jake-Johnson_mp4-0031_jpg.rf.1a146f35a1f79d1600d3dca7d3ed1649.jpg, 0, 0, 1, 0, 0
Training_Video_Jimmy-Kimmel-Jake-Johnson_mp4-0194_jpg.rf.1b77003f481c8f2bf2a1cbf29732b9fb.jpg, 0, 1, 0, 1, 0
Training_Video_Jimmy-Kimmel-Jake-Johnson_mp4-0099_jpg.rf.1b0cf1fda2bb08f4e9c06788ec6c74d6.jpg, 0, 0, 1, 0, 0
Training_Video_Jimmy-Kimmel-Jake-Johnson_mp4-2879_jpg.rf.1af3d09fca34f8729cd6d4f02511ac00.jpg, 0, 0, 0, 0, 1
Training_Video_Jimmy-Kimmel-Jake-Johnson_mp4-0557_jpg.rf.1e19ed25965fcd113b02d8b1c9b3ee88.jpg, 1, 0, 0, 0, 0
Training_Video_Jimmy-Kimmel-Jake-Johnson_mp4-0154_jpg.rf.1cb96ac60bd094f25f70c4def354d72c.jpg, 0, 1, 0, 0, 0
Training_Video_Jimmy-Kimmel-Jake-Johnson_mp4-0083_jpg.rf.1d79f652b5712e2cd651ac9e795c19c4.jpg, 0, 0, 1, 0, 0
Training_Video_Jimmy-Kimmel-Jake-Johnson_mp4-0498_jpg.rf.1339fd79db7908e67c3950ceb64e7995.jpg, 1, 0, 0, 0, 0
Training_Video_Jimmy-Kimmel-Jake-Johnson_mp4-0001_jpg.rf.2046da4d77f8b2849e7b914cd950f7cd.jpg, 0, 0, 1, 0, 0
Training_Video_Jimmy-Kimmel-Jake-Johnson_mp4-0009_jpg.rf.1d0f21027ffb84da6a6be12f64eeb8fd.jpg, 0, 0, 1, 0, 0
Training_Video_Jimmy-Kimmel-Jake-Johnson_mp4-0033_jpg.rf.202689bc184bca3ac083bdc7358a3537.jpg, 0, 0, 1, 0, 0
Training_Video_Jimmy-Kimmel-Jake-Johnson_mp4-0069_jpg.rf.1daf2f384c78541e7084e635d595f778.jpg, 0, 0, 1, 0, 0
Training_Video_Jimmy-Kimmel-Jake-Johnson_mp4-0167_jpg.rf.1ee1bdc4be488377ed51fd28067ba064.jpg, 0, 1, 0, 0, 0
Training_Video_Jimmy-Kimmel-Jake-Johnson_mp4-0186_jpg.rf.20b681b84c45b3ef8698269882247fc1.jpg, 0, 1, 0, 1, 0
Training_Video_Jimmy-Kimmel-Jake-Johnson_mp4-0529_jpg.rf.25019b0db5cd2e043378d95fb33b8bb4.jpg, 0, 1, 0, 1, 0
Training_Video_Jimmy-Kimmel-Jake-Johnson_mp4-0487_jpg.rf.234cc4d313987d5870e53b7904004495.jpg, 1, 0, 0, 0, 0
Training_Video_Jimmy-Kimmel-Jake-Johnson_mp4-0258_jpg.rf.247f3b84b7a626ab92048ed732edf4f4.jpg, 0, 1, 0, 1, 0
Training_Video_Jimmy-Kimmel-Jake-Johnson_mp4-0032_jpg.rf.22ad30d9c34b5c3ab33f6658f9b25ee4.jpg, 0, 0, 1, 0, 0
Training_Video_Jimmy-Kimmel-Jake-Johnson_mp4-0000_jpg.rf.21330e22f364ae670c7f440becb95a81.jpg, 0, 0, 1, 0, 0
Training_Video_Jimmy-Kimmel-Jake-Johnson_mp4-0015_jpg.rf.26e2d28007c3dcd622cf2c2284e12889.jpg, 0, 0, 1, 0, 0
Training_Video_Jimmy-Kimmel-Jake-Johnson_mp4-0133_jpg.rf.276fd574bb304cc765bce93261d4a983.jpg, 0, 1, 0, 0, 0
Training_Video_Jimmy-Kimmel-Jake-Johnson_mp4-0492_jpg.rf.2151236a724ea91fc7e84c54de2f71ce.jpg, 1, 0, 0, 0, 0
Training_Video_Jimmy-Kimmel-Jake-Johnson_mp4-0428_jpg.rf.26492ceb3173883e8901016604f87f57.jpg, 0, 1, 0, 1, 0
Training_Video_Jimmy-Kimmel-Jake-Johnson_mp4-0463_jpg.rf.226906ba29ef314cc285b3f4744fb5d1.jpg, 1, 0, 0, 0, 0
Training_Video_Jimmy-Kimmel-Jake-Johnson_mp4-0104_jpg.rf.277520466f9b8e0cd6e61434d21bf403.jpg, 0, 0, 1, 0, 0
Training_Video_Jimmy-Kimmel-Jake-Johnson_mp4-0466_jpg.rf.25b8819e787910b2199ae9f6a3bb724d.jpg, 1, 0, 0, 0, 0
Training_Video_Jimmy-Kimmel-Jake-Johnson_mp4-0146_jpg.rf.2056fa991916839d9beb5645ecc2201f.jpg, 0, 1, 0, 0, 0
Training_Video_Jimmy-Kimmel-Jake-Johnson_mp4-0033_jpg.rf.2512721933170202f5a70465a7ecf30b.jpg, 0, 0, 1, 0, 0
Training_Video_Jimmy-Kimmel-Jake-Johnson_mp4-0433_jpg.rf.22a9871e643192fcf7fa065ddd3d4d0c.jpg, 0, 1, 0, 1, 0
Training_Video_Jimmy-Kimmel-Jake-Johnson_mp4-0263_jpg.rf.23acc70a754805af2d97da9a25dffecf.jpg, 0, 1, 0, 1, 0
Training_Video_Jimmy-Kimmel-Jake-Johnson_mp4-0152_jpg.rf.24969f570bbbbccc4571aed33a5ffd47.jpg, 0, 1, 0, 0, 0
Training_Video_Jimmy-Kimmel-Jake-Johnson_mp4-0511_jpg.rf.24a2bc01a64c2ad8089d21566897d3df.jpg, 1, 0, 0, 0, 0
Training_Video_Jimmy-Kimmel-Jake-Johnson_mp4-0044_jpg.rf.28828bb7fa1654542c39109f4576774b.jpg, 0, 0, 1, 0, 0
Training_Video_Jimmy-Kimmel-Jake-Johnson_mp4-0006_jpg.rf.239cd5c2e4fc4a053e34a07b379af2f1.jpg, 0, 0, 0, 0, 0
Training_Video_Jimmy-Kimmel-Jake-Johnson_mp4-0117_jpg.rf.2804462ac09db7578bfb5f51603cda38.jpg, 0, 1, 0, 1, 0
Training_Video_Jimmy-Kimmel-Jake-Johnson_mp4-0164_jpg.rf.238c2da79dbfc6d9a6465ffa6c0124ee.jpg, 0, 1, 0, 0, 0
Training_Video_Jimmy-Kimmel-Jake-Johnson_mp4-0276_jpg.rf.232e63573b8e4e288c95ceecdf1ed0c5.jpg, 0, 1, 0, 1, 0
Training_Video_Jimmy-Kimmel-Jake-Johnson_mp4-0131_jpg.rf.29195dca2714e548fcdbcd7d8885d914.jpg, 0, 1, 0, 0, 0
Training_Video_Jimmy-Kimmel-Jake-Johnson_mp4-0096_jpg.rf.2845f52c68462ef91edd991b781b0b62.jpg, 0, 1, 0, 0, 0
Training_Video_Jimmy-Kimmel-Jake-Johnson_mp4-0429_jpg.rf.28ae6a864b176ad83f6786dff6cb8d3a.jpg, 0, 1, 0, 1, 0
Training_Video_Jimmy-Kimmel-Jake-Johnson_mp4-0512_jpg.rf.28bb17977066d50328eaaff71ca7de6e.jpg, 1, 0, 0, 0, 0
Training_Video_Jimmy-Kimmel-Jake-Johnson_mp4-0489_jpg.rf.297d121dcb30e9c692b418986013518f.jpg, 1, 0, 0, 0, 0
Training_Video_Jimmy-Kimmel-Jake-Johnson_mp4-0509_jpg.rf.2aa6af919fa907c1d78a7e61a509a6a7.jpg, 1, 0, 0, 0, 0
Training_Video_Jimmy-Kimmel-Jake-Johnson_mp4-0158_jpg.rf.2b71512a4134a83a2592bef6ccf68419.jpg, 0, 1, 0, 0, 0
Training_Video_Jimmy-Kimmel-Jake-Johnson_mp4-0263_jpg.rf.2bb90f69c1fc9951f898fd7fe04da71e.jpg, 0, 1, 0, 1, 0
Training_Video_Jimmy-Kimmel-Jake-Johnson_mp4-0063_jpg.rf.2c7e8a6ae4a06b232718248338c0a9ef.jpg, 0, 0, 1, 0, 0
Training_Video_Jimmy-Kimmel-Jake-Johnson_mp4-0158_jpg.rf.2d765dc3187a350f09e8eef512d22cfc.jpg, 0, 1, 0, 0, 0
Training_Video_Jimmy-Kimmel-Jake-Johnson_mp4-0181_jpg.rf.2c9487d9cc71ad12ee207e415af7c827.jpg, 0, 1, 0, 1, 0
Training_Video_Jimmy-Kimmel-Jake-Johnson_mp4-0179_jpg.rf.2f29f3ac276ab8c35062676fafc4dd6f.jpg, 0, 1, 0, 1, 0
Training_Video_Jimmy-Kimmel-Jake-Johnson_mp4-5479_jpg.rf.2f85edd4313a99402303e3caaee66bc9.jpg, 0, 1, 0, 1, 0
Training_Video_Jimmy-Kimmel-Jake-Johnson_mp4-0072_jpg.rf.2d2def2db9a2bed53cb5b189453be86b.jpg, 0, 0, 1, 0, 0
Training_Video_Jimmy-Kimmel-Jake-Johnson_mp4-0184_jpg.rf.2d557836dd91686554c3b415368ee424.jpg, 0, 1, 0, 1, 0
Training_Video_Jimmy-Kimmel-Jake-Johnson_mp4-0169_jpg.rf.2b2504436cd5b91b5337aa334201aaee.jpg, 0, 1, 0, 0, 0
Training_Video_Jimmy-Kimmel-Jake-Johnson_mp4-0653_jpg.rf.2f78ec0ac937bb4c2f2b0a27b7905e1b.jpg, 0, 1, 0, 1, 0
Training_Video_Jimmy-Kimmel-Jake-Johnson_mp4-0428_jpg.rf.303c21c5be71d8371fbc6a8c9a26307f.jpg, 0, 1, 0, 1, 0
Training_Video_Jimmy-Kimmel-Jake-Johnson_mp4-0649_jpg.rf.31df6cb31a8ffea36bda9df37217f1cf.jpg, 0, 1, 0, 1, 0
Training_Video_Jimmy-Kimmel-Jake-Johnson_mp4-0030_jpg.rf.332f710f58f232e63d459d6e948368b7.jpg, 0, 0, 1, 0, 0
Training_Video_Jimmy-Kimmel-Jake-Johnson_mp4-0058_jpg.rf.30f314a1c367ecae563858a2b9a59b71.jpg, 0, 0, 1, 0, 0
Training_Video_Jimmy-Kimmel-Jake-Johnson_mp4-0508_jpg.rf.2eaefc95f2423c026a9723e596c34cd4.jpg, 1, 0, 0, 0, 0
Training_Video_Jimmy-Kimmel-Jake-Johnson_mp4-0276_jpg.rf.2f7447676ab5fc41bf9e31917790259b.jpg, 1, 0, 0, 0, 0
Training_Video_Jimmy-Kimmel-Jake-Johnson_mp4-0049_jpg.rf.2e4136cbdeb4dc5802bd0a99154a053a.jpg, 0, 0, 1, 0, 0
Training_Video_Jimmy-Kimmel-Jake-Johnson_mp4-0141_jpg.rf.2db717bc7d17562160e88464da7a0252.jpg, 0, 1, 0, 0, 0
Training_Video_Jimmy-Kimmel-Jake-Johnson_mp4-0639_jpg.rf.337182ac277f694c13c6ea8340aa4415.jpg, 0, 1, 0, 1, 0
Training_Video_Jimmy-Kimmel-Jake-Johnson_mp4-0507_jpg.rf.302cd2f0814057d9f67254c147cc5fa9.jpg, 1, 0, 0, 0, 0
Training_Video_Jimmy-Kimmel-Jake-Johnson_mp4-0163_jpg.rf.33c2f22d8f23067f5b02cb94a2e9c49a.jpg, 0, 1, 0, 0, 0
Training_Video_Jimmy-Kimmel-Jake-Johnson_mp4-0131_jpg.rf.2f7079978345176e3c495ade49964607.jpg, 0, 1, 0, 0, 0
Training_Video_Jimmy-Kimmel-Jake-Johnson_mp4-0004_jpg.rf.31a701c9b018a20cd866d2d44aa4147d.jpg, 0, 0, 1, 0, 0
Training_Video_Jimmy-Kimmel-Jake-Johnson_mp4-0442_jpg.rf.301c69ae7bd75c152419413492c9efb4.jpg, 0, 1, 0, 1, 0
Training_Video_Jimmy-Kimmel-Jake-Johnson_mp4-0153_jpg.rf.33cb2b05d64420750cd207312d0c5bdc.jpg, 0, 1, 0, 0, 0
Training_Video_Jimmy-Kimmel-Jake-Johnson_mp4-0165_jpg.rf.3294c2f511247ba16228cd541a4acffe.jpg, 0, 1, 0, 1, 0
Training_Video_Jimmy-Kimmel-Jake-Johnson_mp4-0196_jpg.rf.32f66504821ffbb2e08db1356b59b0cd.jpg, 0, 1, 0, 1, 0
Training_Video_Jimmy-Kimmel-Jake-Johnson_mp4-2876_jpg.rf.34567414821193b46aced94202e0824b.jpg, 0, 1, 0, 1, 1
Training_Video_Jimmy-Kimmel-Jake-Johnson_mp4-0509_jpg.rf.3350856f9e992c81493c0a8f6edf6f49.jpg, 1, 0, 0, 0, 0
Training_Video_Jimmy-Kimmel-Jake-Johnson_mp4-0461_jpg.rf.35096b2928e38bb9d64764d743a403e3.jpg, 1, 0, 0, 0, 0
Training_Video_Jimmy-Kimmel-Jake-Johnson_mp4-0651_jpg.rf.364318d1d6d89f29fee627d76b896970.jpg, 0, 1, 0, 1, 0
Training_Video_Jimmy-Kimmel-Jake-Johnson_mp4-0039_jpg.rf.372d46e035f4b762750366cc0136a103.jpg, 0, 0, 1, 0, 0
Training_Video_Jimmy-Kimmel-Jake-Johnson_mp4-0506_jpg.rf.37c0a64f8514cbe2802e167c0b85dc64.jpg, 1, 0, 0, 0, 0
Training_Video_Jimmy-Kimmel-Jake-Johnson_mp4-2884_jpg.rf.35b30720d564a844228d7a51749ba655.jpg, 0, 0, 0, 0, 1
Training_Video_Jimmy-Kimmel-Jake-Johnson_mp4-0033_jpg.rf.2fb9168405f1d96d82e997437e18f000.jpg, 0, 0, 1, 0, 0
Training_Video_Jimmy-Kimmel-Jake-Johnson_mp4-0043_jpg.rf.3683078b077e1fe44d289f5bb098a91b.jpg, 0, 0, 1, 0, 0
Training_Video_Jimmy-Kimmel-Jake-Johnson_mp4-0051_jpg.rf.358d3b17f1669f11e94cc4eb1f52e5fc.jpg, 0, 0, 1, 0, 0
Training_Video_Jimmy-Kimmel-Jake-Johnson_mp4-0088_jpg.rf.37c0f99ec7bdae1cc42b60828871cbad.jpg, 0, 0, 1, 0, 0
Training_Video_Jimmy-Kimmel-Jake-Johnson_mp4-5483_jpg.rf.379dfe19e41d3eb5fff00fe63c43ea23.jpg, 0, 1, 0, 1, 0
Training_Video_Jimmy-Kimmel-Jake-Johnson_mp4-0108_jpg.rf.36632eccc85edefab0c89f0c3cd71e45.jpg, 0, 0, 1, 0, 0
Training_Video_Jimmy-Kimmel-Jake-Johnson_mp4-0151_jpg.rf.3697978d557c02a11489886211f26ddd.jpg, 0, 1, 0, 0, 0
Training_Video_Jimmy-Kimmel-Jake-Johnson_mp4-0264_jpg.rf.3897829115eae476bf59add55ad95209.jpg, 0, 1, 0, 1, 0
Training_Video_Jimmy-Kimmel-Jake-Johnson_mp4-0174_jpg.rf.3a4e0e7ea4fca4a126ebfb231143b77e.jpg, 0, 1, 0, 0, 0
Training_Video_Jimmy-Kimmel-Jake-Johnson_mp4-0279_jpg.rf.3ad8d8b31f684dfa0b417032ce662872.jpg, 1, 0, 0, 0, 0
Training_Video_Jimmy-Kimmel-Jake-Johnson_mp4-0152_jpg.rf.3a5c99d580eb68ff09dad2fb045ee22b.jpg, 0, 1, 0, 0, 0
Training_Video_Jimmy-Kimmel-Jake-Johnson_mp4-0139_jpg.rf.38fbe613c94274cff2501851517c5d51.jpg, 0, 1, 0, 0, 0
Training_Video_Jimmy-Kimmel-Jake-Johnson_mp4-0151_jpg.rf.369b38ee7eb32bc7191a4a0bc7c974ac.jpg, 0, 1, 0, 0, 0
Training_Video_Jimmy-Kimmel-Jake-Johnson_mp4-0021_jpg.rf.3920c71728c5c661785868925b4a2ac9.jpg, 0, 0, 1, 0, 0
Training_Video_Jimmy-Kimmel-Jake-Johnson_mp4-0012_jpg.rf.37d4266cbad7033cb0834b6d7810ffd9.jpg, 0, 0, 1, 0, 0
Training_Video_Jimmy-Kimmel-Jake-Johnson_mp4-0062_jpg.rf.3a844147f7ff00f7a271d2bd83b83b45.jpg, 0, 0, 1, 0, 0
Training_Video_Jimmy-Kimmel-Jake-Johnson_mp4-0467_jpg.rf.39ecbe8beca60ab182ac16ca4de4b695.jpg, 1, 0, 0, 0, 0
Training_Video_Jimmy-Kimmel-Jake-Johnson_mp4-0066_jpg.rf.3bacabb2a5f71f33b89aa599517c511e.jpg, 0, 0, 1, 0, 0
Training_Video_Jimmy-Kimmel-Jake-Johnson_mp4-0174_jpg.rf.3b55892e45074929cd95faea4d945658.jpg, 0, 1, 0, 0, 0
Training_Video_Jimmy-Kimmel-Jake-Johnson_mp4-0081_jpg.rf.3a5b8a0ddb6c5b651531dd0868ab0632.jpg, 0, 1, 0, 0, 0
Training_Video_Jimmy-Kimmel-Jake-Johnson_mp4-0082_jpg.rf.3af122f317227e9307e630936cd50bdc.jpg, 0, 0, 1, 0, 0
Training_Video_Jimmy-Kimmel-Jake-Johnson_mp4-0092_jpg.rf.3bf99ae7dc930e7ee914c91a0d2aa806.jpg, 0, 0, 1, 0, 0
Training_Video_Jimmy-Kimmel-Jake-Johnson_mp4-0096_jpg.rf.3f68e866254a58dce6e4cd4358eb8bad.jpg, 0, 0, 1, 0, 0
Training_Video_Jimmy-Kimmel-Jake-Johnson_mp4-0084_jpg.rf.3d0e079d57cad6301d053a6f992c4e51.jpg, 0, 0, 1, 0, 0
Training_Video_Jimmy-Kimmel-Jake-Johnson_mp4-0152_jpg.rf.35623fc12436003db6682a101ea5c3f8.jpg, 0, 1, 0, 0, 0
Training_Video_Jimmy-Kimmel-Jake-Johnson_mp4-0466_jpg.rf.3eb2ebaec27e5606fc8bd6f34e5931c2.jpg, 1, 0, 0, 0, 0
Training_Video_Jimmy-Kimmel-Jake-Johnson_mp4-0496_jpg.rf.3dd9c50530affd37708734c9e3d77927.jpg, 1, 0, 0, 0, 0
Training_Video_Jimmy-Kimmel-Jake-Johnson_mp4-0000_jpg.rf.404eba88ff9c7b432eaf54935a2cc512.jpg, 0, 0, 1, 0, 0
Training_Video_Jimmy-Kimmel-Jake-Johnson_mp4-0141_jpg.rf.41792b392d89d5980834473fcf19cbb5.jpg, 0, 1, 0, 0, 0
Training_Video_Jimmy-Kimmel-Jake-Johnson_mp4-0386_jpg.rf.411bcf57cc5639566f69551a4e87942c.jpg, 0, 1, 0, 1, 0
Training_Video_Jimmy-Kimmel-Jake-Johnson_mp4-0111_jpg.rf.3f3c342d3bf8bfe4cb05d084855c6367.jpg, 0, 1, 0, 1, 0
Training_Video_Jimmy-Kimmel-Jake-Johnson_mp4-0279_jpg.rf.40b8ef6be6cea87cfbdadf767f42361b.jpg, 1, 0, 0, 0, 0
Training_Video_Jimmy-Kimmel-Jake-Johnson_mp4-0177_jpg.rf.3c385d197092d9455c94661de0424812.jpg, 0, 1, 0, 0, 0
Training_Video_Jimmy-Kimmel-Jake-Johnson_mp4-0179_jpg.rf.3d284c228b61168dc2583e17bc736c2a.jpg, 0, 1, 0, 1, 0
Training_Video_Jimmy-Kimmel-Jake-Johnson_mp4-0046_jpg.rf.428608027c99e38b7d437a5a4d851890.jpg, 0, 0, 1, 0, 0
Training_Video_Jimmy-Kimmel-Jake-Johnson_mp4-0078_jpg.rf.418234594012d1d6daf01dfb8f900374.jpg, 0, 1, 0, 0, 0
Training_Video_Jimmy-Kimmel-Jake-Johnson_mp4-0026_jpg.rf.40267dca73024c13c2081af2372f0dc7.jpg, 0, 0, 1, 0, 0
Training_Video_Jimmy-Kimmel-Jake-Johnson_mp4-0149_jpg.rf.3b2bb33b2e8ce59c529676a825be2697.jpg, 0, 1, 0, 0, 0
Training_Video_Jimmy-Kimmel-Jake-Johnson_mp4-0457_jpg.rf.4106e2549c3daf0c282d6b6ed859685d.jpg, 1, 0, 0, 0, 0
Training_Video_Jimmy-Kimmel-Jake-Johnson_mp4-0426_jpg.rf.440e6991f0787d15d567ca0cabb024b2.jpg, 0, 1, 0, 1, 0
Training_Video_Jimmy-Kimmel-Jake-Johnson_mp4-0083_jpg.rf.456127457ea4f3270e323de1b757b427.jpg, 0, 0, 1, 0, 0
Training_Video_Jimmy-Kimmel-Jake-Johnson_mp4-0461_jpg.rf.426cccf3db0cd241b9367a78e2d3d9ac.jpg, 1, 0, 0, 0, 0
Training_Video_Jimmy-Kimmel-Jake-Johnson_mp4-0009_jpg.rf.42bb92cedfddc5442a1f62b82a0f3527.jpg, 0, 0, 1, 0, 0
Training_Video_Jimmy-Kimmel-Jake-Johnson_mp4-0194_jpg.rf.45f16f4f4da30529f882a1e9024ea16a.jpg, 0, 1, 0, 1, 0
Training_Video_Jimmy-Kimmel-Jake-Johnson_mp4-0157_jpg.rf.424aa6be494e737874a1ea32b827121b.jpg, 0, 1, 0, 0, 0
Training_Video_Jimmy-Kimmel-Jake-Johnson_mp4-0059_jpg.rf.45a6864300e126e31d7e39f6e6049e7f.jpg, 0, 0, 1, 0, 0
Training_Video_Jimmy-Kimmel-Jake-Johnson_mp4-0154_jpg.rf.3e95fd415e34eba22d61ea653e384951.jpg, 0, 1, 0, 0, 0
Training_Video_Jimmy-Kimmel-Jake-Johnson_mp4-0073_jpg.rf.44931d31f3aa45cb02d2ca7e9b500d8b.jpg, 0, 0, 1, 0, 0
Training_Video_Jimmy-Kimmel-Jake-Johnson_mp4-0309_jpg.rf.40e49d766bf485aa06d4b186ca74cfb4.jpg, 1, 0, 0, 0, 0
Training_Video_Jimmy-Kimmel-Jake-Johnson_mp4-0166_jpg.rf.46eb1614df7d47242125ebfa749b8818.jpg, 0, 1, 0, 0, 0
Training_Video_Jimmy-Kimmel-Jake-Johnson_mp4-5479_jpg.rf.46c4c00041bd0318a49c11eb59b4093a.jpg, 0, 1, 0, 1, 0
Training_Video_Jimmy-Kimmel-Jake-Johnson_mp4-2874_jpg.rf.467f0b38cd101f38f94183e0da73a2d9.jpg, 0, 1, 0, 1, 1
Training_Video_Jimmy-Kimmel-Jake-Johnson_mp4-0064_jpg.rf.492b987d5ba94c080f50728505d94021.jpg, 0, 0, 1, 0, 0
Training_Video_Jimmy-Kimmel-Jake-Johnson_mp4-0196_jpg.rf.462f2bb1ca376bb081c4fc28b1795831.jpg, 0, 1, 0, 1, 0
Training_Video_Jimmy-Kimmel-Jake-Johnson_mp4-0106_jpg.rf.4adbe47b428e852ff13b559b8e2557cb.jpg, 0, 0, 1, 0, 0
Training_Video_Jimmy-Kimmel-Jake-Johnson_mp4-0096_jpg.rf.48f620dcb3279d3eaf3146ca4123f238.jpg, 0, 1, 0, 0, 0
Training_Video_Jimmy-Kimmel-Jake-Johnson_mp4-0466_jpg.rf.481c6447ec7dc0fa1aeecf853807b894.jpg, 1, 0, 0, 0, 0
Training_Video_Jimmy-Kimmel-Jake-Johnson_mp4-0457_jpg.rf.476855b0967cfd1ba665e47c0b3b655b.jpg, 1, 0, 0, 0, 0
Training_Video_Jimmy-Kimmel-Jake-Johnson_mp4-0149_jpg.rf.48616b40cd6d33da6d757e1c5a2f481e.jpg, 0, 1, 0, 0, 0
Training_Video_Jimmy-Kimmel-Jake-Johnson_mp4-0090_jpg.rf.4cfdae1aa7bc7ec66c80815cae610fd7.jpg, 0, 1, 0, 0, 0
Training_Video_Jimmy-Kimmel-Jake-Johnson_mp4-0176_jpg.rf.4c8487fbc848078c844148fd5833f748.jpg, 0, 1, 0, 0, 0
Training_Video_Jimmy-Kimmel-Jake-Johnson_mp4-0506_jpg.rf.4b12412cdfb7f38cff58feaae36e7bc7.jpg, 1, 0, 0, 0, 0
Training_Video_Jimmy-Kimmel-Jake-Johnson_mp4-0496_jpg.rf.4d18917a9452c5ebfc113a768cb28355.jpg, 1, 0, 0, 0, 0
Training_Video_Jimmy-Kimmel-Jake-Johnson_mp4-0651_jpg.rf.4cb96daabd56fdaef19368170c8ca26c.jpg, 0, 1, 0, 1, 0
Training_Video_Jimmy-Kimmel-Jake-Johnson_mp4-0159_jpg.rf.4748a67b10e2955deda00c5a59c98861.jpg, 0, 1, 0, 0, 0
Training_Video_Jimmy-Kimmel-Jake-Johnson_mp4-0499_jpg.rf.473d9706c0cc0801cafb151019bad593.jpg, 1, 0, 0, 0, 0
Training_Video_Jimmy-Kimmel-Jake-Johnson_mp4-0498_jpg.rf.4f1109c477e93329b58d42d15809efed.jpg, 1, 0, 0, 0, 0
Training_Video_Jimmy-Kimmel-Jake-Johnson_mp4-0306_jpg.rf.4e4b761b04e3e46bd323b956bb096f1e.jpg, 1, 0, 0, 0, 0
Training_Video_Jimmy-Kimmel-Jake-Johnson_mp4-0084_jpg.rf.4dd62c0851d7901a01ecb01a36cff27c.jpg, 0, 0, 1, 0, 0
Training_Video_Jimmy-Kimmel-Jake-Johnson_mp4-5483_jpg.rf.4f15b55f8c27071d07092668bac5ed29.jpg, 0, 1, 0, 1, 0
Training_Video_Jimmy-Kimmel-Jake-Johnson_mp4-0139_jpg.rf.4e7061016485040159e392850677dd00.jpg, 0, 1, 0, 0, 0
Training_Video_Jimmy-Kimmel-Jake-Johnson_mp4-0036_jpg.rf.4c86dd419182c28e0d197d8fb95a4c65.jpg, 0, 0, 1, 0, 0
Training_Video_Jimmy-Kimmel-Jake-Johnson_mp4-5482_jpg.rf.4752121747176c7094f1af1bf10c3487.jpg, 0, 1, 0, 1, 0
Training_Video_Jimmy-Kimmel-Jake-Johnson_mp4-0053_jpg.rf.54d5fa666600bdb47518dcc2a322bf9f.jpg, 0, 0, 1, 0, 0
Training_Video_Jimmy-Kimmel-Jake-Johnson_mp4-0041_jpg.rf.51c1264f17384d29345c94a811c76f41.jpg, 0, 0, 1, 0, 0
Training_Video_Jimmy-Kimmel-Jake-Johnson_mp4-0082_jpg.rf.5303daf31e4a0b96da49fd5a9660ba0c.jpg, 0, 0, 1, 0, 0
Training_Video_Jimmy-Kimmel-Jake-Johnson_mp4-0153_jpg.rf.50531349a5f3fe8c9eefc1b6b78bee14.jpg, 0, 1, 0, 0, 0
Training_Video_Jimmy-Kimmel-Jake-Johnson_mp4-0507_jpg.rf.4fed7f0a7b2ce7affe529c9231540ee9.jpg, 1, 0, 0, 0, 0
Training_Video_Jimmy-Kimmel-Jake-Johnson_mp4-0003_jpg.rf.54d6929fbcb929595a07902a1e2ef211.jpg, 0, 0, 1, 0, 0
Training_Video_Jimmy-Kimmel-Jake-Johnson_mp4-0164_jpg.rf.56834f662ab75fbbab70e09015e1bf5a.jpg, 0, 1, 0, 0, 0
Training_Video_Jimmy-Kimmel-Jake-Johnson_mp4-0036_jpg.rf.567ac8af7699491e0a7b4d8af4cb6632.jpg, 0, 0, 1, 0, 0
Training_Video_Jimmy-Kimmel-Jake-Johnson_mp4-0137_jpg.rf.510cbb69f309d73d4a0533b892c1f45d.jpg, 0, 1, 0, 0, 0
Training_Video_Jimmy-Kimmel-Jake-Johnson_mp4-0023_jpg.rf.56ae8bc9d38fee52b3d609897f344f8c.jpg, 0, 0, 1, 0, 0
Training_Video_Jimmy-Kimmel-Jake-Johnson_mp4-0462_jpg.rf.560a692b06e3c569429fa5993a05d81f.jpg, 1, 0, 0, 0, 0
Training_Video_Jimmy-Kimmel-Jake-Johnson_mp4-0498_jpg.rf.520615911185f104041201fb5dd6ce0d.jpg, 1, 0, 0, 0, 0
Training_Video_Jimmy-Kimmel-Jake-Johnson_mp4-0648_jpg.rf.50a7b924e2234447e7e02e56d34062f9.jpg, 0, 1, 0, 1, 0
Training_Video_Jimmy-Kimmel-Jake-Johnson_mp4-0109_jpg.rf.553f1a3845c45989791765afd95bd14d.jpg, 0, 0, 1, 0, 0
Training_Video_Jimmy-Kimmel-Jake-Johnson_mp4-0427_jpg.rf.56fb50b0fab1670a1a55e061cb0ffb12.jpg, 0, 1, 0, 1, 0
Training_Video_Jimmy-Kimmel-Jake-Johnson_mp4-0276_jpg.rf.55f031f0766a565df18e4e761c5c5183.jpg, 1, 0, 0, 0, 0
Training_Video_Jimmy-Kimmel-Jake-Johnson_mp4-2883_jpg.rf.570f1b0e8f30f43723941706935af02d.jpg, 0, 0, 0, 0, 1
Training_Video_Jimmy-Kimmel-Jake-Johnson_mp4-0003_jpg.rf.57699da9b1a1f3e696638f52a91f26c1.jpg, 0, 0, 1, 0, 0
Training_Video_Jimmy-Kimmel-Jake-Johnson_mp4-0166_jpg.rf.56aaee9a1378b78f69bf798625133c6f.jpg, 0, 1, 0, 0, 0
Training_Video_Jimmy-Kimmel-Jake-Johnson_mp4-0499_jpg.rf.53d7cd09570afe6842c41b016de5322c.jpg, 1, 0, 0, 0, 0
Training_Video_Jimmy-Kimmel-Jake-Johnson_mp4-0389_jpg.rf.588043566552cd7980260331727e9dac.jpg, 0, 1, 0, 1, 0
Training_Video_Jimmy-Kimmel-Jake-Johnson_mp4-0012_jpg.rf.5919f95cebf384f4b7b54e4c6d670ebb.jpg, 0, 0, 1, 0, 0
Training_Video_Jimmy-Kimmel-Jake-Johnson_mp4-0012_jpg.rf.5907b34dac34c1bd574d0770f7c6d843.jpg, 0, 0, 0, 0, 0
Training_Video_Jimmy-Kimmel-Jake-Johnson_mp4-0098_jpg.rf.5a4af163282b98d864ee8beab57a68ab.jpg, 0, 0, 1, 0, 0
Training_Video_Jimmy-Kimmel-Jake-Johnson_mp4-0057_jpg.rf.59458574377530b5bb8feae0342a6d12.jpg, 0, 0, 1, 0, 0
Training_Video_Jimmy-Kimmel-Jake-Johnson_mp4-0303_jpg.rf.5a6ce3704b0fc5401d4b14bd354722fb.jpg, 1, 0, 0, 0, 0